truth,prediction,correct,probability_1,probability_2,probability_3,probability_4,probability_5,confidence,margin,entropy,uncertain
2,2,True,0.0006666666666666666,0.9644619047619049,0.03287142857142858,0.001,0.001,0.9644619047619049,0.9315904761904763,0.10304895681680279,False
2,2,True,0.0,0.8606277777777778,0.12022222222222223,0.010483333333333332,0.008666666666666666,0.8606277777777778,0.7404055555555555,0.29376039320181563,False
2,2,True,0.0,0.9495333333333333,0.049133333333333334,0.0013333333333333333,0.0,0.9495333333333333,0.9004,0.12802446845627444,False
2,2,True,0.0,1.0,0.0,0.0,0.0,1.0,1.0,-0.0,False
2,2,True,0.0,1.0,0.0,0.0,0.0,1.0,1.0,-0.0,False
2,2,True,0.0,0.9782666666666666,0.011933333333333336,0.003,0.0068000000000000005,0.9782666666666666,0.9663333333333333,0.07810573675491071,False
2,2,True,0.0,0.9860666666666666,0.009,0.001,0.003933333333333334,0.9860666666666666,0.9770666666666666,0.052765127290362736,False
2,2,True,0.0,0.999,0.001,0.0,0.0,0.999,0.998,0.00491305383770488,False
2,2,True,0.0,0.7505999999999999,0.24939999999999998,0.0,0.0,0.7505999999999999,0.5012,0.3489883097654989,False
2,2,True,0.0,0.9873333333333334,0.007833333333333333,0.0,0.004833333333333333,0.9873333333333334,0.9795,0.047435942529537777,False
2,2,True,0.0,0.95,0.043,0.001,0.005999999999999999,0.95,0.9069999999999999,0.1377090909284538,False
2,2,True,0.0,1.0,0.0,0.0,0.0,1.0,1.0,-0.0,False
2,2,True,0.0,0.9383333333333334,0.04383333333333334,0.0015,0.01633333333333333,0.9383333333333334,0.8945,0.17009994110567894,False
2,2,True,0.001,0.9961666666666668,0.002833333333333333,0.0,0.0,0.9961666666666668,0.9933333333333334,0.01699656699048349,False
2,2,True,0.0,0.998,0.0,0.002,0.0,0.998,0.996,0.008964132602267657,False
2,2,True,0.0,0.9782777777777777,0.021722222222222223,0.0,0.0,0.9782777777777777,0.9565555555555555,0.06503392750641988,False
2,2,True,0.0,1.0,0.0,0.0,0.0,1.0,1.0,-0.0,False
2,2,True,0.0,0.9697952380952383,0.02920476190476191,0.001,0.0,0.9697952380952383,0.9405904761904763,0.0868902621279916,False
2,2,True,0.0,1.0,0.0,0.0,0.0,1.0,1.0,-0.0,False
2,2,True,0.0,0.9868333333333333,0.011166666666666667,0.0,0.002,0.9868333333333333,0.9756666666666667,0.047035675751016054,False
2,2,True,0.0,1.0,0.0,0.0,0.0,1.0,1.0,-0.0,False
2,2,True,0.0,0.9183333333333333,0.07046666666666666,0.0,0.0112,0.9183333333333333,0.8478666666666667,0.19601058305145036,False
2,2,True,0.0,0.9975,0.0015,0.0,0.001,0.9975,0.9960000000000001,0.01190357377557472,False
2,2,True,0.0,0.9806666666666665,0.012333333333333332,0.002,0.004999999999999999,0.9806666666666665,0.9683333333333332,0.06976135965066965,False
2,2,True,0.0005,0.9863,0.010199999999999999,0.003,0.0,0.9863,0.9761,0.050703635194686174,False
2,2,True,0.0,0.9838333333333332,0.0025,0.004666666666666666,0.009,0.9838333333333332,0.9748333333333332,0.06117425272467002,False
2,2,True,0.0,0.9881666666666667,0.0029999999999999996,0.0,0.008833333333333334,0.9881666666666667,0.9793333333333334,0.04409320282671562,False
2,2,True,0.0,0.996,0.004,0.0,0.0,0.996,0.992,0.016203068650195867,False
2,2,True,0.0,0.9926666666666667,0.007333333333333333,0.0,0.0,0.9926666666666667,0.9853333333333334,0.026936171718001695,False
2,2,True,0.0,0.992,0.006,0.0,0.002,0.992,0.986,0.03174593128714251,False
2,2,True,0.002,0.9748333333333333,0.0045,0.004,0.014666666666666666,0.9748333333333333,0.9601666666666666,0.09046896506263538,False
2,2,True,0.0,1.0,0.0,0.0,0.0,1.0,1.0,-0.0,False
2,2,True,0.0,0.9784666666666667,0.018933333333333333,0.0,0.0026,0.9784666666666667,0.9595333333333333,0.06951556200564812,False
2,2,True,0.0,1.0,0.0,0.0,0.0,1.0,1.0,-0.0,False
2,2,True,0.002,0.9785,0.0155,0.002,0.002,0.9785,0.9630000000000001,0.07651244863652033,False
2,2,True,0.0,0.997,0.003,0.0,0.0,0.997,0.994,0.01268947643546712,False
2,2,True,0.0,0.8818333333333334,0.11816666666666666,0.0,0.0,0.8818333333333334,0.7636666666666667,0.22570377827828095,False
3,3,True,0.0,0.04606666666666667,0.9529333333333332,0.001,0.0,0.9529333333333332,0.9068666666666665,0.12092842124588707,False
2,2,True,0.0,0.9822380952380951,0.016761904761904763,0.001,0.0,0.9822380952380951,0.9654761904761904,0.05781178528141641,False
2,2,True,0.0,0.9985,0.0015,0.0,0.0,0.9985,0.9970000000000001,0.006991453106986122,False
4,4,True,0.0,0.001,0.0,0.999,0.0,0.999,0.998,0.00491305383770488,False
2,2,True,0.0,0.9828666666666666,0.017133333333333334,0.0,0.0,0.9828666666666666,0.9657333333333332,0.05384634095250616,False
2,2,True,0.003,0.7628619047619049,0.0238047619047619,0.03966666666666667,0.17066666666666666,0.7628619047619049,0.5921952380952382,0.4614385300926106,False
2,2,True,0.0,0.9966666666666667,0.003333333333333333,0.0,0.0,0.9966666666666667,0.9933333333333334,0.013880858448087724,False
4,4,True,0.0,0.0,0.001,0.999,0.0,0.999,0.998,0.00491305383770488,False
2,2,True,0.0,0.9802666666666666,0.0184,0.0013333333333333333,0.0,0.9802666666666666,0.9618666666666666,0.06330132154081057,False
3,3,True,0.0,0.04503333333333333,0.9501333333333332,0.0,0.004833333333333333,0.9501333333333332,0.9050999999999998,0.13296177222339492,False
4,4,True,0.0,0.0006666666666666666,0.012033333333333333,0.9778000000000001,0.0095,0.9778000000000001,0.9657666666666668,0.07720201605183755,False
4,4,True,0.0,0.0,0.001,0.995,0.004,0.995,0.991,0.02111363091569341,False
2,2,True,0.0,0.9762666666666666,0.020733333333333333,0.003,0.0,0.9762666666666666,0.9555333333333332,0.07533035696149593,False
2,2,True,0.0,0.9975,0.0025,0.0,0.0,0.9975,0.9950000000000001,0.010858159625377088,False
2,2,True,0.0,0.9888666666666668,0.0,0.0058000000000000005,0.005333333333333333,0.9888666666666668,0.9830666666666668,0.04278140699341797,False
4,4,True,0.0,0.0,0.0,1.0,0.0,1.0,1.0,-0.0,False
4,4,True,0.0,0.0,0.0,1.0,0.0,1.0,1.0,-0.0,False
4,4,True,0.0,0.002333333333333333,0.014,0.981,0.0026666666666666666,0.981,0.967,0.06743119425723393,False
2,2,True,0.0,0.9966666666666667,0.002,0.0,0.0013333333333333333,0.9966666666666667,0.9946666666666667,0.015274743981684562,False
2,2,True,0.0,0.997,0.002,0.0,0.001,0.997,0.995,0.01387594190277829,False
3,3,True,0.0,0.006866666666666667,0.9819666666666667,0.007,0.004166666666666666,0.9819666666666667,0.9749666666666666,0.06812443583275622,False
5,5,True,0.0,0.005666666666666666,0.0035,0.0013333333333333333,0.9895,0.9895,0.9838333333333333,0.042485925351528675,False
4,4,True,0.001,0.008733333333333334,0.0058,0.9824666666666667,0.002,0.9824666666666667,0.9737333333333333,0.06709572622634391,False
4,4,True,0.0,0.0,0.0004,0.9986,0.001,0.9986,0.9976,0.007105830636470201,False
3,3,True,0.0,0.0523952380952381,0.9261047619047618,0.003,0.0185,0.9261047619047618,0.8737095238095237,0.1968685246288294,False
2,2,True,0.0,0.987,0.012,0.0,0.001,0.987,0.975,0.04529349638196718,False
3,3,True,0.0,0.04703333333333333,0.9259071428571428,0.0034,0.023659523809523804,0.9259071428571428,0.8788738095238094,0.200666478241376,False
3,3,True,0.0,0.003333333333333333,0.9966666666666666,0.0,0.0,0.9966666666666666,0.9933333333333333,0.013880858448087792,False
5,5,True,0.0,0.007666666666666666,0.0055,0.003,0.9838333333333332,0.9838333333333332,0.9761666666666665,0.061774739014747594,False
5,5,True,0.0,0.005666666666666666,0.0,0.0,0.9943333333333333,0.9943333333333333,0.9886666666666666,0.02172505135362175,False
4,4,True,0.0,0.0,0.0,1.0,0.0,1.0,1.0,-0.0,False
4,4,True,0.0,0.0,0.0,1.0,0.0,1.0,1.0,-0.0,False
3,3,True,0.0,0.011666666666666665,0.9761666666666666,0.0,0.012166666666666668,0.9761666666666666,0.964,0.08022620939695423,False
5,5,True,0.0,0.005666666666666666,0.0,0.0,0.9943333333333333,0.9943333333333333,0.9886666666666666,0.02172505135362175,False
5,5,True,0.0,0.005666666666666666,0.0006666666666666666,0.0013333333333333333,0.9923333333333333,0.9923333333333333,0.9866666666666666,0.03147309201931105,False
4,4,True,0.0,0.0,0.0,1.0,0.0,1.0,1.0,-0.0,False
3,3,True,0.0,0.0025,0.9965,0.001,0.0,0.9965,0.9940000000000001,0.015769657401696377,False
5,5,True,0.0,0.005666666666666666,0.0,0.0,0.9943333333333333,0.9943333333333333,0.9886666666666666,0.02172505135362175,False
5,5,True,0.0,0.008066666666666666,0.001,0.001,0.9899333333333333,0.9899333333333333,0.9818666666666667,0.03896564805193897,False
5,5,True,0.0,0.009,0.002,0.014833333333333332,0.9741666666666665,0.9741666666666665,0.9593333333333331,0.08871550479859298,False
5,5,True,0.0,0.005666666666666666,0.0,0.0,0.9943333333333333,0.9943333333333333,0.9886666666666666,0.02172505135362175,False
5,5,True,0.0,0.007666666666666666,0.0015,0.0,0.9908333333333332,0.9908333333333332,0.9831666666666665,0.03493227107148151,False
4,4,True,0.0016666666666666666,0.0045,0.002333333333333333,0.9835,0.008,0.9835,0.9755,0.06468643268152231,False
4,4,True,0.0,0.0015,0.003,0.9833333333333333,0.012166666666666666,0.9833333333333333,0.9711666666666666,0.06048780719581358,False
4,4,True,0.005666666666666666,0.019933333333333338,0.04733333333333334,0.8672,0.05986666666666667,0.8672,0.8073333333333333,0.33793118831687285,False
4,4,True,0.013333333333333332,0.04066666666666667,0.12730000000000002,0.6690333333333334,0.14966666666666667,0.6690333333333334,0.5193666666666668,0.6234192280837332,False
4,4,True,0.0,0.0,0.0,1.0,0.0,1.0,1.0,-0.0,False
2,2,True,0.0,0.9495333333333333,0.05046666666666667,0.0,0.0,0.9495333333333333,0.8990666666666667,0.12419679420538132,False
5,5,True,0.001,0.006666666666666666,0.0,0.001,0.9913333333333333,0.9913333333333333,0.9846666666666666,0.034700778181718905,False
4,4,True,0.0,0.0,0.0,0.998,0.002,0.998,0.996,0.008964132602267657,False
2,2,True,0.0,0.9939333333333334,0.006066666666666666,0.0,0.0,0.9939333333333334,0.9878666666666668,0.023000721186416287,False
5,5,True,0.0,0.0036666666666666666,0.0015,0.0,0.9948333333333332,0.9948333333333332,0.9911666666666665,0.022039452280029816,False
5,5,True,0.002,0.0036666666666666666,0.0,0.0,0.9943333333333333,0.9943333333333333,0.9906666666666666,0.024010988563446075,False
5,5,True,0.0,0.0354,0.10121428571428573,0.01583333333333333,0.847552380952381,0.847552380952381,0.7463380952380952,0.34542027031638667,False
4,4,True,0.0,0.0,0.0,1.0,0.0,1.0,1.0,-0.0,False
4,4,True,0.0,0.0016666666666666666,0.0008,0.9915333333333333,0.006,0.9915333333333333,0.9855333333333333,0.03447971852701906,False
4,4,True,0.002,0.003333333333333333,0.009,0.9846666666666666,0.001,0.9846666666666666,0.9756666666666666,0.05962300725436723,False
3,3,True,0.0,0.026642857142857142,0.9708571428571429,0.0,0.0025,0.9708571428571429,0.9442142857142857,0.08716041456968911,False
5,5,True,0.0,0.004666666666666666,0.0,0.0,0.9953333333333333,0.9953333333333333,0.9906666666666666,0.01845564115763018,False
5,5,True,0.0,0.0036666666666666666,0.0,0.0,0.9963333333333333,0.9963333333333333,0.9926666666666666,0.015051425370686915,False
4,4,True,0.0,0.0,0.0,1.0,0.0,1.0,1.0,-0.0,False
4,4,True,0.0,0.0,0.0,1.0,0.0,1.0,1.0,-0.0,False
3,3,True,0.0,0.001,0.999,0.0,0.0,0.999,0.998,0.00491305383770488,False
3,3,True,0.0,0.016666666666666666,0.9803333333333333,0.0,0.003,0.9803333333333333,0.9636666666666666,0.06532622450757275,False
5,5,True,0.0,0.0015,0.0,0.0,0.9985,0.9985,0.9970000000000001,0.006991453106986122,False
3,3,True,0.0,0.008666666666666668,0.9883333333333334,0.0,0.003,0.9883333333333334,0.9796666666666667,0.04360370510811538,False
3,3,True,0.0,0.0016666666666666666,0.9963333333333333,0.0,0.002,0.9963333333333333,0.9943333333333333,0.01662114557438641,False
3,3,True,0.0,0.007666666666666667,0.9867666666666667,0.0,0.005566666666666667,0.9867666666666667,0.9791,0.04932472591872111,False
5,5,True,0.0,0.0,0.0,0.0,1.0,1.0,1.0,-0.0,False
5,5,True,0.0,0.0,0.0,0.0,1.0,1.0,1.0,-0.0,False
3,3,True,0.0,0.001,0.999,0.0,0.0,0.999,0.998,0.00491305383770488,False
3,3,True,0.0,0.006166666666666666,0.9877952380952381,0.0016,0.004438095238095238,0.9877952380952381,0.9816285714285714,0.04837314663516237,False
5,5,True,0.0,0.002,0.0,0.0,0.998,0.998,0.996,0.008964132602267657,False
3,3,True,0.0,0.0353,0.9637,0.0,0.001,0.9637,0.9284,0.09977364259469852,False
1,1,True,0.999,0.0,0.0,0.0,0.001,0.999,0.998,0.00491305383770488,False
5,5,True,0.0,0.0,0.0,0.0,1.0,1.0,1.0,-0.0,False
4,4,True,0.0,0.0,0.001,0.999,0.0,0.999,0.998,0.00491305383770488,False
5,5,True,0.0,0.0013333333333333333,0.0,0.0006666666666666666,0.998,0.998,0.9966666666666667,0.009755109580475103,False
3,3,True,0.0,0.0,1.0,0.0,0.0,1.0,1.0,-0.0,False
3,3,True,0.0,0.0,0.997,0.0,0.003,0.997,0.994,0.01268947643546712,False
5,5,True,0.011,0.02973333333333333,0.058399999999999994,0.014833333333333334,0.8860333333333335,0.8860333333333335,0.8276333333333334,0.30426105386580793,False
5,5,True,0.0,0.003,0.004,0.002333333333333333,0.9906666666666666,0.9906666666666666,0.9866666666666666,0.0391092946809793,False
5,5,True,0.0,0.0,0.003,0.0,0.997,0.997,0.994,0.01268947643546712,False
3,3,True,0.006,0.007519047619047619,0.9832809523809523,0.0022,0.001,0.9832809523809523,0.9757619047619046,0.0648768125517845,False
5,5,True,0.0,0.002,0.0,0.001,0.997,0.997,0.995,0.013875941902778287,False
3,3,True,0.0,0.010333333333333333,0.9896666666666666,0.0,0.0,0.9896666666666666,0.9793333333333333,0.035743963509406194,False
4,4,True,0.0016666666666666666,0.0,0.007238095238095238,0.9904285714285715,0.0006666666666666666,0.9904285714285715,0.9831904761904763,0.03773659927555115,False
2,2,True,0.0,0.9225333333333334,0.0636,0.0016666666666666666,0.012199999999999999,0.9225333333333334,0.8589333333333334,0.1951185301372168,False
2,2,True,0.0,1.0,0.0,0.0,0.0,1.0,1.0,-0.0,False
5,5,True,0.0,0.001,0.0,0.0,0.999,0.999,0.998,0.00491305383770488,False
5,5,True,0.0,0.0014,0.001,0.001,0.9966,0.9966,0.9952000000000001,0.016409157539667013,False
3,3,True,0.003,0.012023809523809525,0.9138095238095237,0.053000000000000005,0.018166666666666668,0.9138095238095237,0.8608095238095237,0.23700708342845322,False
5,5,True,0.007333333333333333,0.013666666666666666,0.028333333333333332,0.0252,0.9254666666666667,0.9254666666666667,0.8971333333333333,0.22376064958316144,False
5,5,True,0.001,0.0,0.006714285714285714,0.0026666666666666666,0.9896190476190476,0.9896190476190476,0.982904761904762,0.041402543066587784,False
5,5,True,0.0,0.0,0.0,0.0,1.0,1.0,1.0,-0.0,False
5,5,True,0.0,0.0,0.0,0.0,1.0,1.0,1.0,-0.0,False
5,5,True,0.0,0.002333333333333333,0.006,0.001,0.9906666666666667,0.9906666666666667,0.9846666666666667,0.03792282921366806,False
3,3,True,0.004933333333333334,0.003,0.9910666666666668,0.0,0.001,0.9910666666666668,0.9861333333333334,0.03692785006301767,False
5,5,True,0.0,0.0,0.0,0.002,0.998,0.998,0.996,0.008964132602267657,False
5,5,True,0.008199999999999999,0.0006666666666666666,0.043333333333333335,0.0,0.9478000000000001,0.9478000000000001,0.9044666666666668,0.14358709244007076,False
4,4,True,0.0,0.0031666666666666666,0.001,0.9918333333333333,0.004,0.9918333333333333,0.9878333333333333,0.03439165525936938,False
1,1,True,1.0,0.0,0.0,0.0,0.0,1.0,1.0,-0.0,False
5,5,True,0.0,0.001,0.0,0.007333333333333333,0.9916666666666667,0.9916666666666667,0.9843333333333334,0.031844650013787834,False
5,5,True,0.0,0.0,0.0,0.0,1.0,1.0,1.0,-0.0,False
5,5,True,0.001,0.0264,0.1048809523809524,0.001,0.8667190476190476,0.8667190476190476,0.7618380952380952,0.2921755598729662,False
3,3,True,0.0,0.0013333333333333333,0.9986666666666666,0.0,0.0,0.9986666666666666,0.9973333333333333,0.0063122710394763306,False
5,5,True,0.001,0.003333333333333333,0.001,0.005333333333333333,0.9893333333333333,0.9893333333333333,0.984,0.044332981006311174,False
5,5,True,0.0,0.001,0.0,0.001,0.998,0.998,0.997,0.009825485718414443,False
5,5,True,0.0,0.0,0.0006666666666666666,0.0,0.9993333333333333,0.9993333333333333,0.9986666666666666,0.0034433913916716045,False
1,1,True,0.9993333333333333,0.0,0.0,0.0006666666666666666,0.0,0.9993333333333333,0.9986666666666666,0.0034433913916716045,False
2,2,True,0.0,0.9551999999999999,0.0385,0.001,0.0053,0.9551999999999999,0.9167,0.1266649652032336,False
3,3,True,0.0,0.0,0.998,0.0,0.002,0.998,0.996,0.008964132602267657,False
5,5,True,0.001,0.0,0.0,0.0,0.999,0.999,0.998,0.00491305383770488,False
5,5,True,0.0,0.0,0.0,0.0,1.0,1.0,1.0,-0.0,False
5,5,True,0.004866666666666667,0.015499999999999998,0.10146666666666666,0.002333333333333333,0.8758333333333332,0.8758333333333332,0.7743666666666665,0.2814154637934887,False
5,5,True,0.0012,0.005,0.008833333333333334,0.0013333333333333333,0.9836333333333334,0.9836333333333334,0.9748,0.06300067157157195,False
5,5,True,0.0,0.0,0.0,0.0,1.0,1.0,1.0,-0.0,False
5,5,True,0.0,0.002,0.0,0.003,0.995,0.995,0.992,0.02164987168067582,False
5,5,True,0.0,0.0,0.0,0.0045,0.9955,0.9955,0.9910000000000001,0.017898429026439015,False
5,5,True,0.0,0.0004,0.0,0.0,0.9996,0.9996,0.9992000000000001,0.0021930255068588686,False
3,3,True,0.0,0.03509999999999999,0.9639000000000001,0.0,0.001,0.9639000000000001,0.9288000000000001,0.09936233886693517,False
4,4,True,0.0006666666666666666,0.0005,0.001,0.9955,0.002333333333333333,0.9955,0.9931666666666668,0.02125873486064328,False
4,4,True,0.0,0.0,0.0006666666666666666,0.9993333333333334,0.0,0.9993333333333334,0.9986666666666667,0.003443391391671536,False
2,2,True,0.0,0.9222047619047617,0.07629523809523811,0.0015,0.0,0.9222047619047617,0.8459095238095237,0.1744457738026488,False
2,2,True,0.0,1.0,0.0,0.0,0.0,1.0,1.0,-0.0,False
5,5,True,0.044899999999999995,0.0,0.0,0.0081,0.947,0.947,0.9020999999999999,0.14285588780707043,False
5,5,True,0.0,0.008,0.009,0.0035,0.9795,0.9795,0.9705,0.07524501728778925,False
5,5,True,0.0,0.0,0.0,0.0,1.0,1.0,1.0,-0.0,False
5,5,True,0.008199999999999999,0.0026666666666666666,0.042333333333333334,0.001,0.9458000000000001,0.9458000000000001,0.9034666666666668,0.15450867842061153,False
5,5,True,0.0,0.002333333333333333,0.004666666666666666,0.002333333333333333,0.9906666666666667,0.9906666666666667,0.986,0.038907511466895216,False
5,5,True,0.123,0.005566666666666667,0.005833333333333333,0.007,0.8586,0.8586,0.7356,0.299662077893261,False
5,5,True,0.0,0.0,0.0,0.0,1.0,1.0,1.0,-0.0,False
5,5,True,0.0,0.0,0.0,0.0,1.0,1.0,1.0,-0.0,False
4,4,True,0.0,0.0,0.0,1.0,0.0,1.0,1.0,-0.0,False
5,5,True,0.0,0.0,0.0013333333333333333,0.0,0.9986666666666666,0.9986666666666666,0.9973333333333333,0.0063122710394763306,False
5,5,True,0.0,0.0,0.0,0.0,1.0,1.0,1.0,-0.0,False
5,5,True,0.0,0.001,0.0,0.0,0.999,0.999,0.998,0.00491305383770488,False
4,4,True,0.0,0.0,0.003333333333333333,0.9896666666666666,0.007,0.9896666666666666,0.9826666666666666,0.03978114549000348,False
1,1,True,0.998,0.0,0.002,0.0,0.0,0.998,0.996,0.008964132602267657,False
2,2,True,0.0,0.9885,0.01,0.0,0.0015,0.9885,0.9785,0.04177778878570972,False
5,5,True,0.0,0.0,0.0,0.0,1.0,1.0,1.0,-0.0,False
5,5,True,0.0,0.0,0.0,0.0,1.0,1.0,1.0,-0.0,False
5,5,True,0.0,0.0,0.0,0.001,0.999,0.999,0.998,0.00491305383770488,False
5,5,True,0.0,0.0,0.0,0.0,1.0,1.0,1.0,-0.0,False
1,1,True,1.0,0.0,0.0,0.0,0.0,1.0,1.0,-0.0,False
5,5,True,0.0,0.0,0.0,0.001,0.999,0.999,0.998,0.00491305383770488,False
5,5,True,0.004333333333333333,0.005,0.002,0.02173333333333333,0.9669333333333333,0.9669333333333333,0.9451999999999999,0.11073993814711681,False
4,4,True,0.0,0.0,0.0,1.0,0.0,1.0,1.0,-0.0,False
4,4,True,0.04866666666666667,0.0,0.001,0.9453333333333332,0.005,0.9453333333333332,0.8966666666666666,0.1451758321962945,False
1,1,True,0.8632333333333334,0.005866666666666667,0.009966666666666667,0.11943333333333335,0.0015,0.8632333333333334,0.7438,0.28990369781391306,False
4,4,True,0.0,0.0,0.0,1.0,0.0,1.0,1.0,-0.0,False
4,4,True,0.0,0.0018333333333333333,0.0013333333333333333,0.9921666666666665,0.004666666666666666,0.9921666666666665,0.9874999999999998,0.03307350537232695,False
4,4,True,0.0,0.0,0.0,1.0,0.0,1.0,1.0,-0.0,False
3,3,True,0.006,0.015333333333333332,0.9197857142857142,0.03138095238095238,0.0275,0.9197857142857142,0.8884047619047618,0.23555549137977538,False
4,4,True,0.0,0.0,0.0,1.0,0.0,1.0,1.0,-0.0,False
4,4,True,0.0,0.001,0.0105,0.9686333333333333,0.019866666666666668,0.9686333333333333,0.9487666666666666,0.10157024157501601,False
1,1,True,0.999,0.0,0.001,0.0,0.0,0.999,0.998,0.00491305383770488,False
1,1,True,0.999,0.0,0.0,0.0,0.001,0.999,0.998,0.00491305383770488,False
3,3,True,0.0011666666666666665,0.0334,0.8175666666666666,0.0,0.14786666666666667,0.8175666666666666,0.6696999999999999,0.3533705469362916,False
1,1,True,0.9952000000000001,0.0,0.002,0.001,0.0018,0.9952000000000001,0.9932000000000001,0.02205824544738969,False
1,1,True,1.0,0.0,0.0,0.0,0.0,1.0,1.0,-0.0,False
1,1,True,0.9975,0.0015,0.0,0.001,0.0,0.9975,0.9960000000000001,0.01190357377557472,False
3,3,True,0.0,0.03306666666666666,0.9619666666666666,0.0,0.004966666666666666,0.9619666666666666,0.9289,0.10959153648117681,False
3,3,True,0.0006666666666666666,0.022928571428571427,0.9714047619047619,0.0,0.005,0.9714047619047619,0.9484761904761905,0.09078534892367565,False
2,2,True,0.0,0.998,0.0,0.002,0.0,0.998,0.996,0.008964132602267657,False
3,3,True,0.002,0.1237666666666667,0.8555666666666667,0.0064,0.012266666666666667,0.8555666666666667,0.7318,0.30494885299604785,False
4,4,True,0.0,0.001,0.0,0.999,0.0,0.999,0.998,0.00491305383770488,False
3,3,True,0.0015,0.12003333333333331,0.8627999999999999,0.004,0.011666666666666665,0.8627999999999999,0.7427666666666666,0.28927008251208974,False
4,4,True,0.0,0.0,0.0,1.0,0.0,1.0,1.0,-0.0,False
2,2,True,0.0,1.0,0.0,0.0,0.0,1.0,1.0,-0.0,False
3,3,True,0.0,0.001,0.9976666666666666,0.0013333333333333333,0.0,0.9976666666666666,0.9963333333333333,0.011224495462759422,False
3,3,True,0.0,0.018833333333333337,0.931495238095238,0.010766666666666666,0.03890476190476191,0.931495238095238,0.8925904761904762,0.196346753284276,False
4,4,True,0.0,0.002,0.001,0.9836666666666667,0.013333333333333332,0.9836666666666667,0.9703333333333334,0.05784795496828095,False
4,4,True,0.002,0.0,0.0,0.996,0.002,0.996,0.994,0.017925774882489438,False
1,1,True,0.9365666666666667,0.007866666666666668,0.004133333333333333,0.048433333333333335,0.003,0.9365666666666667,0.8881333333333333,0.17785187141510322,False
1,1,True,0.999,0.0,0.001,0.0,0.0,0.999,0.998,0.00491305383770488,False
2,2,True,0.0,0.9877333333333332,0.012266666666666667,0.0,0.0,0.9877333333333332,0.9754666666666666,0.04111691603526027,False
1,1,True,0.9985,0.0,0.001,0.0005,0.0,0.9985,0.9975,0.007584685840641707,False
4,4,True,0.0,0.0,0.0,1.0,0.0,1.0,1.0,-0.0,False
4,4,True,0.0,0.0,0.0,1.0,0.0,1.0,1.0,-0.0,False
3,3,True,0.010549999999999999,0.032233333333333336,0.8995023809523808,0.04234761904761905,0.015366666666666666,0.8995023809523808,0.8571547619047617,0.28088294749335463,False
4,4,True,0.0,0.0,0.0037333333333333333,0.9926,0.0036666666666666666,0.9926,0.9888666666666667,0.030326101882700525,False
1,1,True,1.0,0.0,0.0,0.0,0.0,1.0,1.0,-0.0,False
1,1,True,0.9986666666666667,0.0,0.0,0.0013333333333333333,0.0,0.9986666666666667,0.9973333333333334,0.006312271039476261,False
4,4,True,0.008,0.0008,0.0026666666666666666,0.9855333333333333,0.003,0.9855333333333333,0.9775333333333333,0.05711640657093203,False
4,4,True,0.005,0.0005,0.01686666666666667,0.9776333333333334,0.0,0.9776333333333334,0.9607666666666667,0.07534520816083748,False
3,3,True,0.0,0.042833333333333334,0.9548333333333334,0.0,0.002333333333333333,0.9548333333333334,0.9120000000000001,0.1200517240403532,False
2,2,True,0.0006666666666666666,0.9663333333333334,0.005,0.013,0.015,0.9663333333333334,0.9513333333333334,0.11427132050842183,False
1,1,True,0.9983333333333334,0.0006666666666666666,0.0,0.001,0.0,0.9983333333333334,0.9973333333333334,0.008356030660562754,False
1,1,True,1.0,0.0,0.0,0.0,0.0,1.0,1.0,-0.0,False
2,2,True,0.0,0.9737000000000001,0.024633333333333337,0.0016666666666666666,0.0,0.9737000000000001,0.9490666666666668,0.07943518216786309,False
4,4,True,0.0,0.001,0.0,0.999,0.0,0.999,0.998,0.00491305383770488,False
1,1,True,0.9939333333333334,0.0,0.0024,0.002,0.0016666666666666666,0.9939333333333334,0.9915333333333335,0.02710044301983397,False
3,3,True,0.0006666666666666666,0.04739999999999999,0.9479333333333335,0.001,0.003,0.9479333333333335,0.9005333333333335,0.1394440940936371,False
3,3,True,0.0024,0.034166666666666665,0.947366666666667,0.001,0.015066666666666666,0.947366666666667,0.9132000000000003,0.15606761433144303,False
3,3,True,0.0,0.017666666666666667,0.9766666666666667,0.0,0.005666666666666666,0.9766666666666667,0.959,0.07684515919594449,False
3,3,True,0.0045,0.1755666666666667,0.7645000000000002,0.010666666666666666,0.044766666666666656,0.7645000000000002,0.5889333333333335,0.4489403810466692,False
2,2,True,0.0,0.9992000000000001,0.0008,0.0,0.0,0.9992000000000001,0.9984000000000001,0.004041410313885491,False
4,4,True,0.0,0.0,0.0,1.0,0.0,1.0,1.0,-0.0,False
1,1,True,0.998,0.0,0.002,0.0,0.0,0.998,0.996,0.008964132602267657,False
1,1,True,1.0,0.0,0.0,0.0,0.0,1.0,1.0,-0.0,False
2,2,True,0.004,0.9477666666666668,0.04323333333333333,0.001,0.004,0.9477666666666668,0.9045333333333334,0.14770767142789237,False
4,4,True,0.0,0.0,0.0,1.0,0.0,1.0,1.0,-0.0,False
4,4,True,0.0,0.0,0.0,1.0,0.0,1.0,1.0,-0.0,False
1,1,True,1.0,0.0,0.0,0.0,0.0,1.0,1.0,-0.0,False
1,1,True,0.997,0.0,0.001,0.002,0.0,0.997,0.995,0.013875941902778287,False
1,1,True,1.0,0.0,0.0,0.0,0.0,1.0,1.0,-0.0,False
4,4,True,0.0,0.002466666666666667,0.004666666666666666,0.9812666666666666,0.0116,0.9812666666666666,0.9696666666666667,0.06841802556243003,False
3,3,True,0.0,0.002,0.998,0.0,0.0,0.998,0.996,0.008964132602267657,False
4,4,True,0.006666666666666666,0.0113,0.022066666666666665,0.9334333333333332,0.026533333333333332,0.9334333333333332,0.9068999999999999,0.20430489731772758,False
1,1,True,1.0,0.0,0.0,0.0,0.0,1.0,1.0,-0.0,False
1,1,True,0.9912666666666666,0.0,0.005066666666666666,0.0,0.0036666666666666666,0.9912666666666666,0.9862,0.03481785976133723,False
4,4,True,0.0,0.0,0.0,0.998,0.002,0.998,0.996,0.008964132602267657,False
4,4,True,0.0,0.0,0.0,1.0,0.0,1.0,1.0,-0.0,False
3,3,True,0.0,0.001,0.999,0.0,0.0,0.999,0.998,0.00491305383770488,False
3,3,True,0.010083333333333331,0.03896666666666667,0.9090357142857142,0.032747619047619046,0.009166666666666668,0.9090357142857142,0.8700690476190475,0.25752430906247087,False
1,1,True,0.998,0.0,0.002,0.0,0.0,0.998,0.996,0.008964132602267657,False
1,1,True,1.0,0.0,0.0,0.0,0.0,1.0,1.0,-0.0,False
3,3,True,0.001,0.013166666666666667,0.9819666666666667,0.0006666666666666666,0.0032,0.9819666666666667,0.9688,0.06527015608724221,False
3,3,True,0.0,0.0198,0.9748666666666667,0.0,0.005333333333333333,0.9748666666666667,0.9550666666666666,0.08101297329871235,False
4,4,True,0.0,0.0,0.0011333333333333332,0.9975333333333334,0.0013333333333333333,0.9975333333333334,0.9962000000000001,0.011791274346712724,False
1,1,True,1.0,0.0,0.0,0.0,0.0,1.0,1.0,-0.0,False
2,2,True,0.0,0.9888333333333333,0.011166666666666668,0.0,0.0,0.9888333333333333,0.9776666666666667,0.0380855117396445,False
1,1,True,0.999,0.0,0.0,0.0,0.001,0.999,0.998,0.00491305383770488,False
4,4,True,0.0,0.002466666666666667,0.005466666666666666,0.9820666666666668,0.01,0.9820666666666668,0.9720666666666667,0.06655221444889349,False
1,1,True,1.0,0.0,0.0,0.0,0.0,1.0,1.0,-0.0,False
2,2,True,0.0,0.9914999999999999,0.0045,0.0,0.004,0.9914999999999999,0.987,0.03409026587859686,False
4,4,True,0.003,0.0,0.0,0.991,0.006,0.991,0.985,0.035467526481599274,False
4,4,True,0.0,0.0,0.0,1.0,0.0,1.0,1.0,-0.0,False
4,4,True,0.0,0.0,0.0,0.9984,0.0016,0.9984,0.9967999999999999,0.007393340162074865,False
1,1,True,0.9933333333333334,0.0,0.002,0.003333333333333333,0.0013333333333333333,0.9933333333333334,0.9900000000000001,0.029148675605994198,False
3,3,True,0.001,0.004,0.993,0.0,0.002,0.993,0.989,0.030071528330337452,False
4,4,True,0.001,0.0,0.0016666666666666666,0.9963333333333334,0.001,0.9963333333333334,0.9946666666666667,0.01748249869053313,False
1,1,True,1.0,0.0,0.0,0.0,0.0,1.0,1.0,-0.0,False
4,4,True,0.0,0.0,0.0021666666666666666,0.9978333333333332,0.0,0.9978333333333332,0.9956666666666666,0.009603275761434228,False
1,1,True,1.0,0.0,0.0,0.0,0.0,1.0,1.0,-0.0,False
1,1,True,1.0,0.0,0.0,0.0,0.0,1.0,1.0,-0.0,False
3,3,True,0.0,0.01,0.983,0.002,0.005,0.983,0.973,0.06326878361541696,False
2,2,True,0.0,0.9976666666666667,0.002333333333333333,0.0,0.0,0.9976666666666667,0.9953333333333334,0.01023442791682266,False
3,3,True,0.002,0.012038095238095238,0.9681285714285712,0.005,0.012833333333333332,0.9681285714285712,0.9552952380952379,0.11145608032998139,False
1,1,True,0.9783833333333333,0.0028666666666666667,0.004083333333333333,0.011666666666666665,0.003,0.9783833333333333,0.9667166666666666,0.08076253547515305,False
1,1,True,0.997,0.0,0.0,0.002,0.001,0.997,0.995,0.01387594190277829,False
1,1,True,0.998,0.0,0.002,0.0,0.0,0.998,0.996,0.008964132602267657,False
1,1,True,1.0,0.0,0.0,0.0,0.0,1.0,1.0,-0.0,False
1,1,True,1.0,0.0,0.0,0.0,0.0,1.0,1.0,-0.0,False
4,4,True,0.0135,0.039766666666666665,0.02833333333333333,0.9143999999999999,0.004,0.9143999999999999,0.8746333333333333,0.24309099890070593,False
2,2,True,0.0,0.998,0.002,0.0,0.0,0.998,0.996,0.008964132602267657,False
2,2,True,0.0,1.0,0.0,0.0,0.0,1.0,1.0,-0.0,False
3,3,True,0.002,0.0,0.998,0.0,0.0,0.998,0.996,0.008964132602267657,False
4,4,True,0.0,0.0008,0.002,0.9972000000000001,0.0,0.9972000000000001,0.9952000000000001,0.01300454738613034,False
1,1,True,1.0,0.0,0.0,0.0,0.0,1.0,1.0,-0.0,False
2,2,True,0.0,1.0,0.0,0.0,0.0,1.0,1.0,-0.0,False
4,4,True,0.002,0.007533333333333333,0.007,0.9771333333333333,0.006333333333333333,0.9771333333333333,0.9696,0.08614827598101038,False
1,1,True,0.9771333333333332,0.005666666666666666,0.0013333333333333333,0.0,0.015866666666666668,0.9771333333333332,0.9612666666666665,0.07859178540898133,False
2,2,True,0.004166666666666666,0.9658,0.009533333333333333,0.016,0.0045,0.9658,0.9498,0.11885008600542889,False
4,4,True,0.0,0.0,0.0,1.0,0.0,1.0,1.0,-0.0,False
3,3,True,0.0,0.007166666666666666,0.8055666666666667,0.1824333333333333,0.004833333333333333,0.8055666666666667,0.6231333333333333,0.3390757391960578,False
5,5,True,0.0,0.0,0.0,0.0006666666666666666,0.9993333333333334,0.9993333333333334,0.9986666666666667,0.003443391391671536,False
4,4,True,0.0,0.0,0.0,1.0,0.0,1.0,1.0,-0.0,False
4,4,True,0.001,0.0013333333333333333,0.005166666666666666,0.9918333333333333,0.0006666666666666666,0.9918333333333333,0.9866666666666667,0.034762728848464416,False
4,4,True,0.0,0.0,0.0,1.0,0.0,1.0,1.0,-0.0,False
1,1,True,0.9441,0.020399999999999998,0.009666666666666665,0.014666666666666668,0.011166666666666667,0.9441,0.9237000000000001,0.1806038931551966,False
1,1,True,0.997,0.0,0.0,0.0,0.003,0.997,0.994,0.01268947643546712,False
1,1,True,1.0,0.0,0.0,0.0,0.0,1.0,1.0,-0.0,False
3,3,True,0.0,0.001,0.999,0.0,0.0,0.999,0.998,0.00491305383770488,False
5,5,True,0.005,0.011933333333333334,0.04533333333333334,0.0026666666666666666,0.9350666666666667,0.9350666666666667,0.8897333333333334,0.18526271157228666,False
5,5,True,0.002,0.009999999999999998,0.024,0.009633333333333332,0.9543666666666667,0.9543666666666667,0.9303666666666667,0.14743822957170985,False
5,5,True,0.0,0.0,0.0,0.0,1.0,1.0,1.0,-0.0,False
1,1,True,1.0,0.0,0.0,0.0,0.0,1.0,1.0,-0.0,False
4,4,True,0.0,0.008633333333333333,0.02783333333333333,0.9436666666666668,0.019866666666666668,0.9436666666666668,0.9158333333333334,0.16979843202833206,False
1,1,True,0.9940000000000001,0.0,0.002,0.002,0.002,0.9940000000000001,0.9920000000000001,0.026884921840011886,False
1,1,True,0.9957999999999999,0.0,0.001,0.0,0.0032,0.9957999999999999,0.9925999999999999,0.018317983551016735,False
5,5,True,0.0036666666666666666,0.003333333333333333,0.01933333333333333,0.0,0.9736666666666667,0.9736666666666667,0.9543333333333334,0.08813537153687463,False
5,5,True,0.003,0.004666666666666666,0.005166666666666666,0.004666666666666666,0.9825,0.9825,0.9773333333333334,0.06963519572560507,False
5,5,True,0.016166666666666666,0.011633333333333332,0.0523,0.013066666666666666,0.9068333333333333,0.9068333333333333,0.8545333333333333,0.2598341153205529,False
3,3,True,0.0,0.0,1.0,0.0,0.0,1.0,1.0,-0.0,False
4,4,True,0.0,0.0,0.0006666666666666666,0.9973333333333333,0.002,0.9973333333333333,0.9953333333333333,0.012406694440981586,False
1,1,True,1.0,0.0,0.0,0.0,0.0,1.0,1.0,-0.0,False
1,1,True,1.0,0.0,0.0,0.0,0.0,1.0,1.0,-0.0,False
2,2,True,0.0,0.9392333333333334,0.0591,0.0,0.0016666666666666666,0.9392333333333334,0.8801333333333333,0.14707565453197222,False
2,2,True,0.0,0.999,0.0,0.001,0.0,0.999,0.998,0.00491305383770488,False
5,5,True,0.0,0.0016,0.0026,0.005,0.9907999999999999,0.9907999999999999,0.9857999999999999,0.03816573014988712,False
5,5,True,0.004333333333333333,0.003,0.001,0.014333333333333332,0.9773333333333333,0.9773333333333333,0.963,0.08150042746633303,False
5,5,True,0.0,0.0,0.0,0.001,0.999,0.999,0.998,0.00491305383770488,False
5,5,True,0.0,0.0004,0.0046,0.001,0.994,0.994,0.9894,0.02533502693527761,False
5,5,True,0.0,0.003,0.0016,0.0036666666666666666,0.9917333333333334,0.9917333333333334,0.9880666666666666,0.03512072930597491,False
5,5,True,0.004333333333333333,0.011233333333333333,0.006,0.0017333333333333335,0.9767,0.9767,0.9654666666666667,0.08620828015060103,False
4,4,True,0.0,0.0,0.0,1.0,0.0,1.0,1.0,-0.0,False
4,4,True,0.001,0.0,0.009333333333333332,0.9886666666666667,0.001,0.9886666666666667,0.9793333333333334,0.04269186093261022,False
4,4,True,0.0,0.0,0.0006666666666666666,0.9993333333333334,0.0,0.9993333333333334,0.9986666666666667,0.003443391391671536,False
4,4,True,0.0,0.0,0.0,1.0,0.0,1.0,1.0,-0.0,False
1,1,True,0.9873333333333334,0.0016666666666666666,0.003,0.006666666666666666,0.0013333333333333333,0.9873333333333334,0.9806666666666667,0.05151244474352887,False
1,1,True,1.0,0.0,0.0,0.0,0.0,1.0,1.0,-0.0,False
1,1,True,0.902,0.098,0.0,0.0,0.0,0.902,0.804,0.19924109311614366,False
3,3,True,0.0,0.022523809523809526,0.9723095238095236,0.0,0.005166666666666666,0.9723095238095236,0.9497857142857141,0.08695312026210993,False
5,3,False,0.06353333333333333,0.16356666666666667,0.3450000000000001,0.09116666666666666,0.33673333333333333,0.3450000000000001,0.008266666666666755,0.8843324118366421,True
5,5,True,0.003,0.005666666666666666,0.004166666666666666,0.012666666666666666,0.9745,0.9745,0.9618333333333333,0.09325487949117897,False
5,5,True,0.001,0.0013333333333333333,0.0,0.003333333333333333,0.9943333333333334,0.9943333333333334,0.9910000000000001,0.025100507567790004,False
5,5,True,0.001,0.016066666666666667,0.002,0.003,0.9779333333333334,0.9779333333333334,0.9618666666666668,0.07764035114429638,False
4,4,True,0.0359,0.0,0.0,0.9621000000000001,0.002,0.9621000000000001,0.9262,0.1050315182859807,False
4,4,True,0.0,0.0,0.004333333333333333,0.9943333333333334,0.0013333333333333333,0.9943333333333334,0.9900000000000001,0.023646034177463277,False
4,4,True,0.0,0.0026666666666666666,0.007666666666666666,0.9816666666666666,0.008,0.9816666666666666,0.9736666666666666,0.06830909644544135,False
4,4,True,0.0,0.0,0.0,0.998,0.002,0.998,0.996,0.008964132602267657,False
4,4,True,0.14453333333333335,0.06144444444444445,0.09026031746031746,0.6274619047619048,0.07629999999999999,0.6274619047619048,0.48292857142857143,0.7187724980328247,False
1,1,True,0.946,0.036,0.005333333333333333,0.0065,0.006166666666666666,0.946,0.9099999999999999,0.16416563362696135,False
1,1,True,1.0,0.0,0.0,0.0,0.0,1.0,1.0,-0.0,False
1,1,True,0.9778333333333332,0.006833333333333333,0.005333333333333333,0.007,0.003,0.9778333333333332,0.9708333333333332,0.08454106228137996,False
5,5,True,0.002,0.0065,0.015666666666666666,0.009833333333333335,0.966,0.966,0.9503333333333333,0.11752040997581599,False
5,5,True,0.004,0.002,0.004166666666666667,0.008333333333333331,0.9815,0.9815,0.9731666666666667,0.07181055502092355,False
5,5,True,0.0,0.0,0.0,0.002,0.998,0.998,0.996,0.008964132602267657,False
5,5,True,0.0,0.0,0.0,0.0,1.0,1.0,1.0,-0.0,False
5,5,True,0.0,0.0,0.0,0.0,1.0,1.0,1.0,-0.0,False
5,5,True,0.0,0.0,0.0,0.0036666666666666666,0.9963333333333334,0.9963333333333334,0.9926666666666667,0.01505142537068685,False
4,4,True,0.0,0.0,0.004933333333333334,0.9914,0.0036666666666666666,0.9914,0.9864666666666666,0.03437964113312277,False
4,4,True,0.0,0.0,0.005,0.9916666666666667,0.003333333333333333,0.9916666666666667,0.9866666666666667,0.033429502885773975,False
3,3,True,0.009,0.05256666666666667,0.8932333333333333,0.020566666666666667,0.024633333333333333,0.8932333333333333,0.8406666666666667,0.2915351329200051,False
5,5,True,0.003,0.0013333333333333333,0.0017,0.004333333333333333,0.9896333333333334,0.9896333333333334,0.9853000000000001,0.04410703493749841,False
5,5,True,0.0014,0.002333333333333333,0.0029333333333333334,0.003333333333333333,0.99,0.99,0.9866666666666667,0.04312647100313442,False
5,5,True,0.0,0.0,0.0,0.0,1.0,1.0,1.0,-0.0,False
5,5,True,0.0,0.0,0.0005,0.0,0.9995,0.9995,0.9990000000000001,0.002671942903612023,False
5,5,True,0.0,0.0,0.0,0.0,1.0,1.0,1.0,-0.0,False
5,5,True,0.002,0.0,0.001,0.005333333333333333,0.9916666666666667,0.9916666666666667,0.9863333333333334,0.03451451744661141,False
4,4,True,0.0,0.0,0.001,0.9956666666666667,0.003333333333333333,0.9956666666666667,0.9923333333333334,0.018791836670077302,False
4,4,True,0.0,0.0,0.008,0.9883333333333334,0.0036666666666666666,0.9883333333333334,0.9803333333333334,0.043983836009981174,False
4,4,True,0.0,0.0,0.0006666666666666666,0.9958333333333333,0.0035,0.9958333333333333,0.9923333333333334,0.01791055569877276,False
4,4,True,0.0,0.0,0.0,1.0,0.0,1.0,1.0,-0.0,False
5,5,True,0.001,0.0,0.0,0.0,0.999,0.999,0.998,0.00491305383770488,False
5,5,True,0.0,0.0015,0.0,0.0,0.9985,0.9985,0.9970000000000001,0.006991453106986122,False
5,5,True,0.001,0.0065,0.0086,0.01616666666666667,0.9677333333333333,0.9677333333333333,0.9515666666666667,0.11119889979820324,False
4,4,True,0.0,0.0,0.0,1.0,0.0,1.0,1.0,-0.0,False
1,1,True,1.0,0.0,0.0,0.0,0.0,1.0,1.0,-0.0,False
1,1,True,0.9753333333333334,0.0006666666666666666,0.004666666666666666,0.014666666666666666,0.004666666666666666,0.9753333333333334,0.9606666666666667,0.08776701656538888,False
5,5,True,0.0,0.002833333333333333,0.005,0.0055,0.9866666666666666,0.9866666666666666,0.9811666666666666,0.0527969173230171,False
5,5,True,0.002,0.0,0.0036,0.001,0.9934,0.9934,0.9897999999999999,0.028688090547039125,False
4,4,True,0.0,0.002,0.020833333333333332,0.9663333333333334,0.010833333333333332,0.9663333333333334,0.9455,0.10885472843886539,False
4,4,True,0.001,0.004,0.028466666666666668,0.9632000000000001,0.003333333333333333,0.9632000000000001,0.9347333333333334,0.11521668604163458,False
1,1,True,1.0,0.0,0.0,0.0,0.0,1.0,1.0,-0.0,False
1,1,True,1.0,0.0,0.0,0.0,0.0,1.0,1.0,-0.0,False
5,5,True,0.0,0.0,0.0,0.0,1.0,1.0,1.0,-0.0,False
5,5,True,0.001,0.002333333333333333,0.002,0.011,0.9836666666666666,0.9836666666666666,0.9726666666666666,0.061689680796797756,False
4,4,True,0.0,0.0,0.0,1.0,0.0,1.0,1.0,-0.0,False
1,1,True,0.999,0.0,0.0,0.001,0.0,0.999,0.998,0.00491305383770488,False
5,5,True,0.0,0.0,0.0,0.0,1.0,1.0,1.0,-0.0,False
5,5,True,0.0,0.0,0.0,0.0,1.0,1.0,1.0,-0.0,False
4,4,True,0.001,0.0005,0.015999999999999997,0.9791666666666667,0.003333333333333333,0.9791666666666667,0.9631666666666667,0.07238444880144808,False
2,2,True,0.003,0.9853333333333333,0.002333333333333333,0.0013333333333333333,0.008,0.9853333333333333,0.9773333333333333,0.058144741791794345,False
5,5,True,0.0429,0.020766666666666666,0.031566666666666666,0.028066666666666667,0.8767,0.8767,0.8338,0.33569572847959617,False
5,5,True,0.0,0.0,0.0,0.0,1.0,1.0,1.0,-0.0,False
5,5,True,0.0,0.0,0.0,0.0,1.0,1.0,1.0,-0.0,False
5,5,True,0.003,0.017666666666666667,0.025333333333333333,0.017299999999999996,0.9367000000000001,0.9367000000000001,0.9113666666666668,0.1946563654525961,False
3,3,True,0.0,0.024833333333333336,0.9716666666666667,0.0005,0.003,0.9716666666666667,0.9468333333333333,0.08756427384324562,False
4,4,True,0.0,0.0,0.0,0.9986666666666666,0.0013333333333333333,0.9986666666666666,0.9973333333333333,0.0063122710394763306,False
4,4,True,0.0,0.0,0.005,0.9936666666666667,0.0013333333333333333,0.9936666666666667,0.9886666666666667,0.025867159018787843,False
1,1,True,1.0,0.0,0.0,0.0,0.0,1.0,1.0,-0.0,False
3,3,True,0.0,0.011047619047619047,0.9813857142857142,0.001,0.006566666666666667,0.9813857142857142,0.9703380952380951,0.06718222591661234,False
5,5,True,0.0,0.028666666666666667,0.022333333333333337,0.011633333333333332,0.9373666666666667,0.9373666666666667,0.9087000000000001,0.18588583889160182,False
1,1,True,0.9906666666666666,0.001,0.003,0.0,0.005333333333333333,0.9906666666666666,0.9853333333333333,0.03823590371874373,False
1,1,True,0.9946666666666666,0.002,0.0,0.0,0.003333333333333333,0.9946666666666666,0.9913333333333333,0.02284083773671124,False
3,3,True,0.003,0.028166666666666666,0.8613333333333334,0.002,0.10550000000000001,0.8613333333333334,0.7558333333333334,0.3083371024369292,False
1,1,True,0.9736666666666668,0.005333333333333333,0.0,0.0013333333333333333,0.019666666666666666,0.9736666666666668,0.9540000000000002,0.08698115643165392,False
1,1,True,0.9915333333333333,0.0,0.0026666666666666666,0.0,0.0058,0.9915333333333333,0.9857333333333332,0.03361749043368677,False
1,1,True,0.9925,0.002,0.001,0.0045,0.0,0.9925,0.9880000000000001,0.03176595131344146,False
2,2,True,0.0,1.0,0.0,0.0,0.0,1.0,1.0,-0.0,False
2,2,True,0.0,0.9017999999999999,0.09233333333333332,0.001,0.004866666666666666,0.9017999999999999,0.8094666666666666,0.2149862838589468,False
3,3,True,0.0,0.005333333333333333,0.9845,0.001,0.009166666666666667,0.9845,0.9753333333333334,0.057915969022867164,False
2,2,True,0.003,0.978952380952381,0.010904761904761905,0.0024761904761904764,0.004666666666666666,0.978952380952381,0.9680476190476192,0.07917851352262358,False
1,1,True,0.9810833333333334,0.0025,0.00675,0.005666666666666667,0.004,0.9810833333333334,0.9743333333333334,0.07384788719710599,False
1,1,True,1.0,0.0,0.0,0.0,0.0,1.0,1.0,-0.0,False
2,2,True,0.013866666666666666,0.8701333333333334,0.05333333333333333,0.021666666666666664,0.040999999999999995,0.8701333333333334,0.8168000000000001,0.3421608326445339,False
3,3,True,0.0,0.0,0.997,0.0,0.003,0.997,0.994,0.01268947643546712,False
5,5,True,0.0,0.0,0.0,0.0,1.0,1.0,1.0,-0.0,False
1,1,True,1.0,0.0,0.0,0.0,0.0,1.0,1.0,-0.0,False
5,5,True,0.023200000000000002,0.051366666666666665,0.11653333333333336,0.013,0.7959000000000003,0.7959000000000003,0.6793666666666669,0.45261427887014316,False
1,1,True,1.0,0.0,0.0,0.0,0.0,1.0,1.0,-0.0,False
1,1,True,0.9886666666666667,0.003,0.0,0.006333333333333333,0.002,0.9886666666666667,0.9823333333333334,0.045472020245301815,False
3,3,True,0.0016666666666666666,0.07563809523809523,0.8718619047619048,0.006,0.04483333333333333,0.8718619047619048,0.7962238095238097,0.3078041550734322,False
5,5,True,0.008666666666666668,0.024333333333333332,0.030333333333333334,0.010666666666666666,0.926,0.926,0.8956666666666667,0.22195809682562292,False
1,1,True,0.9954666666666666,0.0,0.001,0.0,0.003533333333333333,0.9954666666666666,0.9919333333333332,0.019496420781414125,False
1,1,True,1.0,0.0,0.0,0.0,0.0,1.0,1.0,-0.0,False
5,5,True,0.001,0.002,0.0,0.0,0.997,0.997,0.995,0.013875941902778287,False
1,1,True,0.9934666666666666,0.0,0.0,0.0,0.006533333333333333,0.9934666666666666,0.9869333333333333,0.02446822321324872,False
1,1,True,0.999,0.0,0.0,0.0,0.001,0.999,0.998,0.00491305383770488,False
3,3,True,0.0,0.14385,0.8291833333333335,0.005900000000000001,0.02106666666666667,0.8291833333333335,0.6853333333333335,0.33915115351517283,False
1,1,True,1.0,0.0,0.0,0.0,0.0,1.0,1.0,-0.0,False
1,1,True,1.0,0.0,0.0,0.0,0.0,1.0,1.0,-0.0,False
3,3,True,0.0,0.003,0.997,0.0,0.0,0.997,0.994,0.01268947643546712,False
1,1,True,1.0,0.0,0.0,0.0,0.0,1.0,1.0,-0.0,False
1,1,True,0.9478666666666665,0.012833333333333334,0.0145,0.010133333333333333,0.014666666666666668,0.9478666666666665,0.9331999999999998,0.17179444232416435,False
1,1,True,0.998,0.002,0.0,0.0,0.0,0.998,0.996,0.008964132602267657,False
3,3,True,0.005,0.15283333333333332,0.7970666666666667,0.006333333333333333,0.038766666666666665,0.7970666666666667,0.6442333333333334,0.40537205622997385,False
3,3,True,0.008,0.09306666666666669,0.772252380952381,0.10718095238095238,0.0195,0.772252380952381,0.6650714285714286,0.4817396930279558,False
1,1,True,0.9975,0.0013333333333333333,0.0006666666666666666,0.0005,0.0,0.9975,0.9961666666666668,0.012426430371290965,False
1,1,True,1.0,0.0,0.0,0.0,0.0,1.0,1.0,-0.0,False
3,3,True,0.0,0.030466666666666666,0.9646999999999999,0.001,0.003833333333333333,0.9646999999999999,0.9342333333333332,0.1051726469001273,False
3,3,True,0.0,0.023799999999999998,0.9722,0.004,0.0,0.9722,0.9483999999999999,0.08603118515890229,False
4,4,True,0.0,0.0,0.0,0.9993333333333334,0.0006666666666666666,0.9993333333333334,0.9986666666666667,0.003443391391671536,False
1,1,True,0.993,0.0015,0.0025,0.003,0.0,0.993,0.99,0.030529272268178028,False
2,2,True,0.0,0.9258333333333333,0.0070666666666666655,0.018,0.04910000000000001,0.9258333333333333,0.8767333333333333,0.20295136216246334,False
4,4,True,0.0,0.0,0.0,1.0,0.0,1.0,1.0,-0.0,False
1,1,True,0.998,0.002,0.0,0.0,0.0,0.998,0.996,0.008964132602267657,False
1,1,True,1.0,0.0,0.0,0.0,0.0,1.0,1.0,-0.0,False
4,4,True,0.0,0.0,0.0,1.0,0.0,1.0,1.0,-0.0,False
2,2,True,0.002,0.9520666666666667,0.041933333333333336,0.001,0.003,0.9520666666666667,0.9101333333333333,0.1345370293729061,False
4,4,True,0.0,0.0,0.002,0.998,0.0,0.998,0.996,0.008964132602267657,False
4,4,True,0.004666666666666666,0.018,0.05499999999999999,0.8605000000000002,0.06183333333333333,0.8605000000000002,0.7986666666666669,0.3468714228464137,False
1,1,True,1.0,0.0,0.0,0.0,0.0,1.0,1.0,-0.0,False
1,1,True,1.0,0.0,0.0,0.0,0.0,1.0,1.0,-0.0,False
1,1,True,1.0,0.0,0.0,0.0,0.0,1.0,1.0,-0.0,False
4,4,True,0.0,0.0,0.002,0.9946666666666666,0.003333333333333333,0.9946666666666666,0.9913333333333333,0.02284083773671124,False
4,4,True,0.19203333333333333,0.013,0.05433333333333333,0.6861333333333335,0.0545,0.6861333333333335,0.49410000000000015,0.5894020215238813,False
1,1,True,0.9986666666666666,0.0,0.0,0.0013333333333333333,0.0,0.9986666666666666,0.9973333333333333,0.0063122710394763306,False
1,1,True,0.997,0.0,0.0,0.002,0.001,0.997,0.995,0.01387594190277829,False
4,4,True,0.0,0.0,0.0,1.0,0.0,1.0,1.0,-0.0,False
4,4,True,0.0,0.0,0.0,1.0,0.0,1.0,1.0,-0.0,False
1,1,True,1.0,0.0,0.0,0.0,0.0,1.0,1.0,-0.0,False
1,1,True,1.0,0.0,0.0,0.0,0.0,1.0,1.0,-0.0,False
2,2,True,0.0,0.867,0.132,0.001,0.0,0.867,0.735,0.24725193140887947,False
3,3,True,0.004,0.021119047619047617,0.9024047619047618,0.053142857142857144,0.019333333333333334,0.9024047619047618,0.8492619047619047,0.26622595058171383,False
1,1,True,1.0,0.0,0.0,0.0,0.0,1.0,1.0,-0.0,False
1,1,True,1.0,0.0,0.0,0.0,0.0,1.0,1.0,-0.0,False
1,1,True,1.0,0.0,0.0,0.0,0.0,1.0,1.0,-0.0,False
4,4,True,0.0,0.0,0.0,0.9951666666666666,0.004833333333333333,0.9951666666666666,0.9903333333333333,0.019009136739736265,False
1,1,True,1.0,0.0,0.0,0.0,0.0,1.0,1.0,-0.0,False
3,3,True,0.001,0.019466666666666667,0.9582999999999999,0.008400000000000001,0.012833333333333332,0.9582999999999999,0.9388333333333333,0.13697480252226552,False
4,4,True,0.0,0.006,0.03146666666666667,0.9625333333333334,0.0,0.9625333333333334,0.9310666666666667,0.10953487010969856,False
4,4,True,0.0,0.0,0.0014666666666666667,0.9985333333333334,0.0,0.9985333333333334,0.9970666666666668,0.0068565820022261845,False
4,4,True,0.0,0.0,0.0,1.0,0.0,1.0,1.0,-0.0,False
1,1,True,0.986,0.009,0.001,0.004,0.0,0.986,0.977,0.05299360357085242,False
2,2,True,0.0,1.0,0.0,0.0,0.0,1.0,1.0,-0.0,False
2,2,True,0.0,0.9995,0.0005,0.0,0.0,0.9995,0.9990000000000001,0.002671942903612023,False
3,3,True,0.0,0.002,0.998,0.0,0.0,0.998,0.996,0.008964132602267657,False
1,1,True,0.9976333333333333,0.0,0.0,0.0011666666666666665,0.0012,0.9976333333333333,0.9964333333333333,0.01137887307735601,False
4,4,True,0.0,0.0,0.0,0.998,0.002,0.998,0.996,0.008964132602267657,False
1,1,True,0.998,0.0013333333333333333,0.0006666666666666666,0.0,0.0,0.998,0.9966666666666667,0.009755109580475103,False
1,1,True,0.978,0.003333333333333333,0.0,0.003666666666666667,0.015,0.978,0.963,0.07724981959319865,False
4,4,True,0.0,0.0,0.0,1.0,0.0,1.0,1.0,-0.0,False
4,4,True,0.0,0.0,0.0,1.0,0.0,1.0,1.0,-0.0,False
3,3,True,0.0046,0.026878571428571425,0.9394214285714286,0.022433333333333333,0.006666666666666666,0.9394214285714286,0.9125428571428572,0.18593690487638934,False
3,3,True,0.0,0.0,1.0,0.0,0.0,1.0,1.0,-0.0,False
4,4,True,0.0,0.0,0.0,1.0,0.0,1.0,1.0,-0.0,False
4,4,True,0.0,0.003,0.0044,0.9859666666666667,0.006633333333333334,0.9859666666666667,0.9793333333333333,0.05499271376472859,False
1,1,True,0.9065333333333333,0.004333333333333333,0.0006666666666666666,0.0121,0.07636666666666667,0.9065333333333333,0.8301666666666666,0.22819014302217053,False
3,3,True,0.0,0.0036666666666666666,0.9893333333333334,0.001,0.006,0.9893333333333334,0.9833333333333334,0.042733989575517016,False
3,3,True,0.0,0.003833333333333333,0.9928333333333333,0.0006666666666666666,0.0026666666666666666,0.9928333333333333,0.989,0.030538789886626505,False
1,1,True,0.999,0.0,0.0,0.0,0.001,0.999,0.998,0.00491305383770488,False
4,4,True,0.0,0.0,0.0,1.0,0.0,1.0,1.0,-0.0,False
3,3,True,0.0,0.0056,0.7875333333333334,0.0,0.20686666666666664,0.7875333333333334,0.5806666666666668,0.33744313917147306,False
2,2,True,0.0053,0.8598666666666668,0.029166666666666667,0.028000000000000004,0.07766666666666669,0.8598666666666668,0.7822000000000001,0.3474931980472168,False
1,1,True,1.0,0.0,0.0,0.0,0.0,1.0,1.0,-0.0,False
1,1,True,1.0,0.0,0.0,0.0,0.0,1.0,1.0,-0.0,False
1,1,True,0.9896333333333333,0.001,0.002,0.004166666666666666,0.0032,0.9896333333333333,0.9854666666666666,0.04403304214003708,False
1,1,True,1.0,0.0,0.0,0.0,0.0,1.0,1.0,-0.0,False
1,1,True,0.998,0.0,0.0,0.0,0.002,0.998,0.996,0.008964132602267657,False
1,1,True,0.9661333333333333,0.009866666666666668,0.009333333333333334,0.010666666666666666,0.004,0.9661333333333333,0.9554666666666666,0.1199185712082034,False
1,1,True,0.9622000000000002,0.0065,0.0045,0.004,0.022800000000000004,0.9622000000000002,0.9394000000000001,0.12577010402168712,False
2,2,True,0.0,0.9878333333333332,0.009166666666666667,0.0,0.003,0.9878333333333332,0.9786666666666666,0.04506632005420075,False
1,1,True,0.9987999999999999,0.0,0.0,0.0,0.0012,0.9987999999999999,0.9975999999999999,0.005759650687259764,False
1,1,True,1.0,0.0,0.0,0.0,0.0,1.0,1.0,-0.0,False
3,3,True,0.0,0.0015,0.9985,0.0,0.0,0.9985,0.9970000000000001,0.006991453106986122,False
4,4,True,0.0,0.0,0.0013333333333333333,0.9986666666666666,0.0,0.9986666666666666,0.9973333333333333,0.0063122710394763306,False
4,4,True,0.0018333333333333333,0.003833333333333333,0.012,0.9720666666666666,0.010266666666666665,0.9720666666666666,0.9600666666666666,0.09972734363568933,False
1,1,True,1.0,0.0,0.0,0.0,0.0,1.0,1.0,-0.0,False
3,3,True,0.0,0.01633333333333333,0.9774999999999999,0.0,0.006166666666666666,0.9774999999999999,0.9611666666666666,0.0750752213142252,False
1,1,True,0.998,0.0,0.002,0.0,0.0,0.998,0.996,0.008964132602267657,False
2,2,True,0.010249999999999999,0.9262999999999999,0.028616666666666665,0.027333333333333328,0.0075,0.9262999999999999,0.8976833333333333,0.22035548622093357,False
2,2,True,0.0006666666666666666,0.9901666666666666,0.0038333333333333336,0.0,0.005333333333333333,0.9901666666666666,0.9848333333333333,0.039704880299832684,False
3,3,True,0.0,0.004133333333333333,0.9952,0.0,0.0006666666666666666,0.9952,0.9910666666666667,0.020100464096560265,False
4,4,True,0.0,0.0,0.002333333333333333,0.9976666666666666,0.0,0.9976666666666666,0.9953333333333333,0.01023442791682273,False
2,2,True,0.0,1.0,0.0,0.0,0.0,1.0,1.0,-0.0,False
1,1,True,0.9788333333333332,0.0006666666666666666,0.005,0.013666666666666667,0.0018333333333333333,0.9788333333333332,0.9651666666666665,0.07613173248527984,False
1,1,True,1.0,0.0,0.0,0.0,0.0,1.0,1.0,-0.0,False
4,4,True,0.0,0.0016666666666666666,0.0029999999999999996,0.9913333333333334,0.004,0.9913333333333334,0.9873333333333334,0.03653687026888905,False
4,4,True,0.0,0.0013333333333333333,0.01966666666666667,0.9726666666666668,0.006333333333333333,0.9726666666666668,0.9530000000000001,0.09016126911659215,False
4,4,True,0.0,0.001,0.006166666666666666,0.9928333333333333,0.0,0.9928333333333333,0.9866666666666667,0.028226227278692565,False
5,5,True,0.0,0.0065,0.004,0.022166666666666668,0.9673333333333333,0.9673333333333333,0.9451666666666666,0.10648639911862043,False
4,4,True,0.0,0.001,0.0021666666666666666,0.9968333333333333,0.0,0.9968333333333333,0.9946666666666667,0.014514981237901339,False
3,3,True,0.0,0.0008,0.9992000000000001,0.0,0.0,0.9992000000000001,0.9984000000000001,0.004041410313885491,False
5,5,True,0.0012,0.0005,0.003833333333333333,0.0,0.9944666666666667,0.9944666666666667,0.9906333333333334,0.02405666779730125,False
2,2,True,0.0,0.9848,0.0152,0.0,0.0,0.9848,0.9696,0.04891029305225855,False
2,2,True,0.0,0.8155285714285715,0.1838047619047619,0.0006666666666666666,0.0,0.8155285714285715,0.6317238095238096,0.29980686159084846,False
4,4,True,0.0,0.006199999999999999,0.013699999999999999,0.9684333333333334,0.011666666666666665,0.9684333333333334,0.9547333333333333,0.1076683193183095,False
4,4,True,0.0,0.002,0.010833333333333332,0.9831666666666667,0.004,0.9831666666666667,0.9723333333333334,0.06227523564303295,False
1,1,True,1.0,0.0,0.0,0.0,0.0,1.0,1.0,-0.0,False
5,5,True,0.122,0.001,0.0035,0.004,0.8695,0.8695,0.7475,0.26532857785762815,False
5,5,True,0.0,0.0005,0.0,0.0,0.9995,0.9995,0.9990000000000001,0.002671942903612023,False
3,3,True,0.0,0.0715,0.9207,0.004,0.0038,0.9207,0.8492,0.19134172446533249,False
5,5,True,0.0012,0.0005,0.0006666666666666666,0.0,0.9976333333333334,0.9976333333333334,0.9964333333333334,0.011873906850324287,False
2,2,True,0.001,0.9593333333333334,0.03341666666666667,0.00075,0.0055,0.9593333333333334,0.9259166666666667,0.12073932662056627,False
5,5,True,0.0,0.002833333333333333,0.0,0.0,0.9971666666666666,0.9971666666666666,0.9943333333333333,0.012085276983765497,False
5,5,True,0.0,0.002833333333333333,0.0013333333333333333,0.0,0.9958333333333332,0.9958333333333332,0.9929999999999999,0.018395195855658318,False
3,3,True,0.0,0.0,1.0,0.0,0.0,1.0,1.0,-0.0,False
1,1,True,1.0,0.0,0.0,0.0,0.0,1.0,1.0,-0.0,False
1,1,True,1.0,0.0,0.0,0.0,0.0,1.0,1.0,-0.0,False
1,1,True,0.998,0.0,0.001,0.0,0.001,0.998,0.997,0.009825485718414443,False
3,3,True,0.0,0.04663333333333333,0.9371666666666666,0.008733333333333333,0.007466666666666666,0.9371666666666666,0.8905333333333333,0.1750525202339738,False
3,3,True,0.001,0.0356,0.9399666666666668,0.005066666666666666,0.018366666666666667,0.9399666666666668,0.9043666666666669,0.17648133720878872,False
3,3,True,0.0,0.008400000000000001,0.9879333333333333,0.0006666666666666666,0.003,0.9879333333333333,0.9795333333333334,0.04625495429571529,False
3,3,True,0.0,0.028966666666666665,0.9417000000000001,0.0155,0.013833333333333333,0.9417000000000001,0.9127333333333334,0.1758118973033968,False
3,3,True,0.001,0.0249,0.9707333333333333,0.0027,0.0006666666666666666,0.9707333333333333,0.9458333333333333,0.09229274987224088,False
3,3,True,0.0,0.00759047619047619,0.9924095238095237,0.0,0.0,0.9924095238095237,0.9848190476190476,0.027717536568655422,False
3,3,True,0.0,0.0005,0.9995,0.0,0.0,0.9995,0.9990000000000001,0.002671942903612023,False
3,3,True,0.0,0.0,0.9987999999999999,0.0,0.0012,0.9987999999999999,0.9975999999999999,0.005759650687259764,False
3,3,True,0.0,0.009999999999999998,0.982,0.005333333333333333,0.0026666666666666666,0.982,0.972,0.06686020220456126,False
3,3,True,0.0,0.005633333333333333,0.9871333333333333,0.0024,0.004833333333333333,0.9871333333333333,0.9814999999999999,0.051079168400758816,False
2,2,True,0.0,0.9885,0.009833333333333333,0.0,0.0016666666666666666,0.9885,0.9786666666666667,0.04196782768011672,False
3,3,True,0.0,0.0155,0.9776666666666668,0.004,0.002833333333333333,0.9776666666666668,0.9621666666666668,0.07790066540441204,False
2,2,True,0.0,0.9264777777777777,0.07162222222222223,0.0019,0.0,0.9264777777777777,0.8548555555555555,0.16867822368476115,False
3,3,True,0.0,0.003,0.9926666666666666,0.001,0.003333333333333333,0.9926666666666666,0.9893333333333333,0.03147320600652994,False
3,3,True,0.0,0.013247619047619046,0.9805190476190476,0.0,0.006233333333333334,0.9805190476190476,0.9672714285714286,0.06724318095572675,False
3,3,True,0.011,0.0205,0.9522333333333333,0.008333333333333331,0.007933333333333334,0.9522333333333333,0.9317333333333333,0.1579264005018036,False
3,3,True,0.0,0.0,1.0,0.0,0.0,1.0,1.0,-0.0,False
3,4,False,0.0,0.03702380952380952,0.43960952380952384,0.49169999999999997,0.03166666666666667,0.49169999999999997,0.05209047619047613,0.5851228508752278,True
3,3,True,0.001,0.0083,0.9893666666666667,0.0,0.0013333333333333333,0.9893666666666667,0.9810666666666668,0.04105816389531737,False
3,3,True,0.0,0.005666666666666666,0.9943333333333333,0.0,0.0,0.9943333333333333,0.9886666666666666,0.02172505135362175,False
3,3,True,0.0,0.0012,0.9987999999999999,0.0,0.0,0.9987999999999999,0.9975999999999999,0.005759650687259764,False
3,3,True,0.0,0.002,0.9970000000000001,0.0,0.001,0.9970000000000001,0.9950000000000001,0.013875941902778221,False
3,3,True,0.0,0.012333333333333333,0.9850000000000001,0.001,0.0016666666666666666,0.9850000000000001,0.9726666666666668,0.05384910037395595,False
3,3,True,0.0,0.0,1.0,0.0,0.0,1.0,1.0,-0.0,False
2,2,True,0.0036666666666666666,0.8517333333333333,0.12166666666666666,0.005333333333333333,0.017600000000000005,0.8517333333333333,0.7300666666666666,0.3184678659175811,False
3,3,True,0.0,0.006666666666666666,0.9567666666666665,0.027399999999999997,0.009166666666666668,0.9567666666666665,0.9293666666666666,0.13499403725394327,False
3,3,True,0.0,0.002,0.998,0.0,0.0,0.998,0.996,0.008964132602267657,False
3,3,True,0.001,0.01,0.9866666666666667,0.0,0.002333333333333333,0.9866666666666667,0.9766666666666667,0.04992088887425149,False
2,2,True,0.0,0.9981666666666666,0.0018333333333333333,0.0,0.0,0.9981666666666666,0.9963333333333333,0.008316332481469499,False
3,3,True,0.0,0.002,0.998,0.0,0.0,0.998,0.996,0.008964132602267657,False
3,3,True,0.002,0.020666666666666667,0.9710666666666667,0.0,0.006266666666666667,0.9710666666666667,0.9504000000000001,0.09500114044496696,False
3,3,True,0.0,0.003,0.996,0.0,0.001,0.996,0.993,0.017600662531325056,False
3,3,True,0.0,0.006333333333333333,0.9906666666666666,0.0,0.003,0.9906666666666666,0.9843333333333333,0.03651955208270615,False
3,3,True,0.0,0.08643333333333333,0.9008999999999999,0.0035,0.009166666666666667,0.9008999999999999,0.8144666666666666,0.22892761504612746,False
2,2,True,0.0,0.996,0.004,0.0,0.0,0.996,0.992,0.016203068650195867,False
2,2,True,0.0,1.0,0.0,0.0,0.0,1.0,1.0,-0.0,False
3,3,True,0.056,0.0055,0.9335,0.004,0.001,0.9335,0.8775,0.1760011375507392,False
3,3,True,0.001,0.038,0.9523476190476189,0.0,0.008652380952380951,0.9523476190476189,0.9143476190476189,0.13592996244067654,False
3,3,True,0.001,0.004,0.993,0.0,0.002,0.993,0.989,0.030071528330337452,False
3,3,True,0.0,0.004523809523809524,0.9954761904761905,0.0,0.0,0.9954761904761905,0.990952380952381,0.017978263389390993,False
2,2,True,0.0,0.9975,0.0011666666666666665,0.0,0.0013333333333333333,0.9975,0.9961666666666668,0.01193139659832262,False
3,3,True,0.0,0.02138095238095238,0.9310190476190476,0.002,0.0456,0.9310190476190476,0.8854190476190477,0.1876402716158127,False
2,2,True,0.0,0.9875999999999999,0.012399999999999998,0.0,0.0,0.9875999999999999,0.9752,0.04148002785793119,False
2,2,True,0.0016666666666666666,0.9324333333333334,0.055499999999999994,0.0025,0.0079,0.9324333333333334,0.8769333333333335,0.17992942682687144,False
3,3,True,0.0,0.0,0.999,0.001,0.0,0.999,0.998,0.00491305383770488,False
3,3,True,0.0,0.005466666666666666,0.9945333333333333,0.0,0.0,0.9945333333333333,0.9890666666666666,0.021080673539723045,False
2,2,True,0.0,0.9721333333333332,0.02353333333333333,0.0,0.004333333333333333,0.9721333333333332,0.9485999999999999,0.08654488535823314,False
2,2,True,0.0,1.0,0.0,0.0,0.0,1.0,1.0,-0.0,False
3,3,True,0.0,0.027,0.9586666666666667,0.0024,0.011933333333333332,0.9586666666666667,0.9316666666666666,0.12756763325171974,False
3,3,True,0.001,0.02333333333333333,0.9596666666666668,0.004,0.012,0.9596666666666668,0.9363333333333335,0.13002070558026885,False
2,2,True,0.0,0.9733333333333334,0.008333333333333333,0.0016666666666666666,0.016666666666666663,0.9733333333333334,0.9566666666666668,0.090158369363272,False
3,3,True,0.0,0.005333333333333333,0.9926666666666667,0.002,0.0,0.9926666666666667,0.9873333333333334,0.029606039150825273,False
2,2,True,0.007633333333333333,0.9098999999999999,0.06306190476190476,0.01673809523809524,0.0026666666666666666,0.9098999999999999,0.8468380952380952,0.2371467244488345,False
2,2,True,0.0,0.9863333333333333,0.013,0.0006666666666666666,0.0,0.9863333333333333,0.9733333333333333,0.046540973135664014,False
2,2,True,0.0,0.9922,0.0078000000000000005,0.0,0.0,0.9922,0.9843999999999999,0.028350162686498644,False
2,2,True,0.0016666666666666666,0.9284333333333334,0.050333333333333334,0.006,0.013566666666666668,0.9284333333333334,0.8781000000000001,0.19826128513554409,False
2,2,True,0.0,0.9804666666666668,0.012,0.0016666666666666666,0.005866666666666666,0.9804666666666668,0.9684666666666668,0.07034923079684423,False
2,2,True,0.0,0.9867666666666667,0.013233333333333335,0.0,0.0,0.9867666666666667,0.9735333333333334,0.04372940816586469,False
2,2,True,0.0,0.9936666666666666,0.003,0.0,0.0033333333333333335,0.9936666666666666,0.9903333333333333,0.02656410178558633,False
2,2,True,0.0006666666666666666,0.8753333333333335,0.11950000000000001,0.0005,0.004,0.8753333333333335,0.7558333333333335,0.24926920368448804,False
2,2,True,0.0016666666666666666,0.9236,0.054666666666666655,0.0085,0.011566666666666666,0.9236,0.8689333333333333,0.2081862755661453,False
2,2,True,0.0,0.9866666666666666,0.006666666666666666,0.0006666666666666666,0.006,0.9866666666666666,0.9799999999999999,0.0510859949943167,False
2,2,True,0.0,0.9895666666666666,0.010433333333333334,0.0,0.0,0.9895666666666666,0.9791333333333333,0.03602711326841718,False
2,2,True,0.004666666666666666,0.9284,0.045233333333333334,0.0035,0.0182,0.9284,0.8831666666666667,0.2030319231962437,False
2,2,True,0.0,0.9827333333333333,0.009266666666666666,0.0,0.008,0.9827333333333333,0.9734666666666667,0.06158894384994996,False
2,2,True,0.0,0.9959999999999999,0.003,0.0,0.001,0.9959999999999999,0.9929999999999999,0.017600662531325126,False
2,2,True,0.0016666666666666666,0.9158,0.032633333333333334,0.01933333333333333,0.03056666666666667,0.9158,0.8831666666666667,0.23970946890997533,False
2,2,True,0.0,0.9751666666666666,0.024833333333333332,0.0,0.0,0.9751666666666666,0.9503333333333333,0.07225857151301993,False
2,2,True,0.0,0.9966666666666666,0.002,0.0,0.0013333333333333333,0.9966666666666666,0.9946666666666666,0.015274743981684632,False
