truth,prediction,correct,probability_1,probability_2,probability_3,probability_4,probability_5,confidence,margin,entropy,uncertain,fold
2,2,True,0.0,0.975,0.0,0.025,0.0,0.975,0.95,0.07263830945843827,False,0
2,2,True,0.0,0.9875,0.0,0.0125,0.0,0.9875,0.9750000000000001,0.04175176926276692,False,2
2,2,True,0.0,0.9854166666666668,0.00625,0.008333333333333333,0.0,0.9854166666666668,0.9770833333333335,0.05349201482924213,False,1
2,2,True,0.0,0.925,0.04791666666666666,0.008333333333333333,0.01875,0.925,0.8770833333333334,0.20637983986313238,False,1
2,2,True,0.0,0.89375,0.03125,0.0,0.075,0.89375,0.8187500000000001,0.25037840250197846,False,1
2,2,True,0.016666666666666666,0.7875,0.0125,0.10833333333333332,0.075,0.7875,0.6791666666666667,0.4636322056680686,False,1
2,2,True,0.0,1.0,0.0,0.0,0.0,1.0,1.0,-0.0,False,2
2,2,True,0.0,0.8541666666666667,0.07916666666666666,0.0,0.06666666666666667,0.8541666666666667,0.7750000000000001,0.32058432419693106,False,1
4,4,True,0.0,0.05833333333333333,0.016666666666666666,0.925,0.0,0.925,0.8666666666666667,0.19019834554181878,False,0
2,2,True,0.0,1.0,0.0,0.0,0.0,1.0,1.0,-0.0,False,0
3,3,True,0.0,0.0,0.9791666666666667,0.020833333333333332,0.0,0.9791666666666667,0.9583333333333334,0.06291936879605363,False,0
4,4,True,0.025,0.0,0.0125,0.9625,0.0,0.9625,0.9375,0.11419218797185968,False,2
3,3,True,0.0,0.025,0.9583333333333334,0.016666666666666666,0.0,0.9583333333333334,0.9333333333333333,0.1250420149708445,False,2
4,4,True,0.0,0.0,0.0,1.0,0.0,1.0,1.0,-0.0,False,1
5,5,True,0.0,0.05,0.04875,0.05,0.85125,0.85125,0.8012499999999999,0.3628240234597127,False,1
5,5,True,0.0,0.05625,0.08833333333333333,0.0,0.8554166666666667,0.8554166666666667,0.7670833333333333,0.3167721805477082,False,1
4,4,True,0.0,0.0,0.0125,0.9875,0.0,0.9875,0.9750000000000001,0.04175176926276692,False,2
2,2,True,0.0,0.8791666666666668,0.10208333333333333,0.0,0.01875,0.8791666666666668,0.7770833333333335,0.2614148574093086,False,1
2,2,True,0.0,1.0,0.0,0.0,0.0,1.0,1.0,-0.0,False,0
3,3,True,0.025,0.2458333333333333,0.6541666666666667,0.075,0.0,0.6541666666666667,0.4083333333333334,0.5648213962074528,False,2
5,5,True,0.0,0.08125,0.11333333333333333,0.0,0.8054166666666667,0.8054166666666667,0.6920833333333334,0.38834601336989133,False,1
5,5,True,0.075,0.05,0.04375,0.05,0.78125,0.78125,0.70625,0.5117364141108947,False,1
3,3,True,0.0,0.00625,0.9737500000000001,0.0,0.02,0.9737500000000001,0.9537500000000001,0.08441624824675573,False,1
4,4,True,0.0,0.0,0.0125,0.9875,0.0,0.9875,0.9750000000000001,0.04175176926276692,False,2
5,5,True,0.0,0.0,0.0,0.0,1.0,1.0,1.0,-0.0,False,0
3,3,True,0.0,0.1125,0.575,0.275,0.0375,0.575,0.29999999999999993,0.6475151499740798,True,2
2,2,True,0.0125,0.55,0.4125,0.025,0.0,0.55,0.13750000000000007,0.5225950506707447,True,0
5,5,True,0.0,0.0,0.0,0.0,1.0,1.0,1.0,-0.0,False,2
5,5,True,0.0,0.0,0.025,0.0125,0.9625,0.9625,0.9375,0.11419218797185968,False,0
5,5,True,0.0,0.05,0.09375,0.05,0.80625,0.80625,0.7125,0.43190619428407145,False,1
5,5,True,0.0,0.1,0.13,0.0,0.77,0.77,0.64,0.43290771269182393,False,1
5,5,True,0.0,0.03125,0.03,0.0,0.93875,0.93875,0.9075,0.16952234412332304,False,1
4,4,True,0.0,0.008333333333333333,0.016666666666666666,0.975,0.0,0.975,0.9583333333333333,0.08252552168603135,False,0
5,5,True,0.0,0.03125,0.06875,0.025,0.875,0.875,0.80625,0.31155541806261894,False,1
4,4,True,0.075,0.0375,0.05,0.8125,0.025,0.8125,0.7375,0.4524024528509659,False,0
2,2,True,0.0,1.0,0.0,0.0,0.0,1.0,1.0,-0.0,False,2
5,5,True,0.016666666666666666,0.025,0.04875,0.18333333333333332,0.7262500000000001,0.7262500000000001,0.5429166666666667,0.5287883306376818,False,1
5,5,True,0.0,0.025,0.0625,0.025,0.8875,0.8875,0.825,0.28808257321549224,False,1
5,5,True,0.0,0.025,0.08625000000000001,0.1625,0.7262500000000001,0.7262500000000001,0.5637500000000001,0.5164238663843849,False,1
4,4,True,0.0,0.09583333333333333,0.029166666666666664,0.875,0.0,0.875,0.7791666666666667,0.2762947582432802,False,0
3,3,True,0.0,0.00625,0.99375,0.0,0.0,0.99375,0.9875,0.02357982497136293,False,1
5,5,True,0.0,0.0,0.04875,0.0125,0.93875,0.93875,0.89,0.1624083949705035,False,1
5,5,True,0.0,0.016666666666666666,0.025,0.0,0.9583333333333333,0.9583333333333333,0.9333333333333332,0.12504201497084455,False,0
5,5,True,0.0,0.05625,0.07583333333333334,0.025,0.8429166666666668,0.8429166666666668,0.7670833333333335,0.3689119818210642,False,1
5,5,True,0.0,0.01875,0.075,0.025,0.88125,0.88125,0.80625,0.29355268694329756,False,1
4,4,True,0.0,0.05,0.0625,0.8333333333333334,0.05416666666666666,0.8333333333333334,0.7708333333333334,0.3932684941791786,False,1
1,1,True,0.975,0.0,0.025,0.0,0.0,0.975,0.95,0.07263830945843827,False,0
1,1,True,1.0,0.0,0.0,0.0,0.0,1.0,1.0,-0.0,False,1
3,3,True,0.025,0.0875,0.825,0.0625,0.0,0.825,0.7374999999999999,0.3960238419229537,False,2
3,3,True,0.0,0.15625,0.79375,0.0375,0.0125,0.79375,0.6375,0.4046727387474043,False,2
1,1,True,1.0,0.0,0.0,0.0,0.0,1.0,1.0,-0.0,False,1
2,2,True,0.0,0.9708333333333332,0.016666666666666666,0.0125,0.0,0.9708333333333332,0.9541666666666665,0.09428852802535254,False,2
2,2,True,0.0,1.0,0.0,0.0,0.0,1.0,1.0,-0.0,False,0
1,1,True,0.9099999999999999,0.065,0.025,0.0,0.0,0.9099999999999999,0.845,0.2210173020743138,False,0
4,4,True,0.0,0.0,0.0,1.0,0.0,1.0,1.0,-0.0,False,2
2,2,True,0.025,0.85,0.0,0.1,0.025,0.85,0.75,0.34350102467891674,False,2
3,3,True,0.025,0.2333333333333333,0.6041666666666667,0.1125,0.025,0.6041666666666667,0.37083333333333346,0.6674652872731566,False,2
1,1,True,0.975,0.0,0.025,0.0,0.0,0.975,0.95,0.07263830945843827,False,0
1,1,True,0.9916666666666666,0.0,0.008333333333333333,0.0,0.0,0.9916666666666666,0.9833333333333333,0.029944789051781943,False,0
3,3,True,0.0,0.0,1.0,0.0,0.0,1.0,1.0,-0.0,False,0
4,4,True,0.025,0.05416666666666666,0.016666666666666666,0.9041666666666668,0.0,0.9041666666666668,0.8500000000000001,0.2544251091682872,False,0
4,4,True,0.275,0.0375,0.0,0.6875,0.0,0.6875,0.4125,0.45714744796537327,False,2
4,4,True,0.0,0.05,0.07916666666666666,0.7416666666666667,0.12916666666666665,0.7416666666666667,0.6125,0.5197959806294845,False,1
4,4,True,0.03333333333333333,0.041666666666666664,0.020833333333333332,0.8791666666666668,0.025,0.8791666666666668,0.8375000000000001,0.33047807356505876,False,1
4,4,True,0.025,0.0,0.025,0.95,0.0,0.95,0.9249999999999999,0.14487828363706282,False,1
3,3,True,0.0,0.1625,0.81875,0.01875,0.0,0.81875,0.65625,0.33152340633936295,False,2
4,4,True,0.0,0.0,0.0,1.0,0.0,1.0,1.0,-0.0,False,2
1,1,True,1.0,0.0,0.0,0.0,0.0,1.0,1.0,-0.0,False,1
1,1,True,0.9099999999999999,0.065,0.025,0.0,0.0,0.9099999999999999,0.845,0.2210173020743138,False,0
1,1,True,1.0,0.0,0.0,0.0,0.0,1.0,1.0,-0.0,False,2
4,4,True,0.0375,0.0,0.0,0.9625,0.0,0.9625,0.925,0.09936136963047008,False,2
1,1,True,1.0,0.0,0.0,0.0,0.0,1.0,1.0,-0.0,False,1
1,1,True,0.9916666666666668,0.0,0.0,0.008333333333333333,0.0,0.9916666666666668,0.9833333333333335,0.029944789051781804,False,1
1,1,True,1.0,0.0,0.0,0.0,0.0,1.0,1.0,-0.0,False,2
5,5,True,0.025,0.075,0.08125,0.0625,0.75625,0.75625,0.6749999999999999,0.543679347303896,False,1
3,3,True,0.0,0.0,0.9791666666666667,0.020833333333333332,0.0,0.9791666666666667,0.9583333333333334,0.06291936879605363,False,0
4,4,True,0.0,0.0,0.0375,0.95,0.0125,0.95,0.9125,0.14081437924750803,False,0
2,2,True,0.0,0.9395833333333334,0.052083333333333336,0.008333333333333333,0.0,0.9395833333333334,0.8875000000000001,0.1567945007322506,False,1
3,3,True,0.041666666666666664,0.008333333333333333,0.9416666666666668,0.0,0.008333333333333333,0.9416666666666668,0.9000000000000001,0.1670199877856493,False,1
4,4,True,0.0,0.0,0.025,0.975,0.0,0.975,0.95,0.07263830945843827,False,2
5,5,True,0.0,0.00625,0.016666666666666666,0.016666666666666666,0.9604166666666666,0.9604166666666666,0.9437499999999999,0.12860847482710452,False,1
5,5,True,0.0,0.01875,0.0125,0.0,0.96875,0.96875,0.95,0.09947100898515429,False,0
4,4,True,0.0,0.025,0.0375,0.925,0.0125,0.925,0.8875000000000001,0.21264553324916477,False,0
1,1,True,0.9541666666666666,0.0,0.020833333333333332,0.025,0.0,0.9541666666666666,0.9291666666666666,0.13522644564052871,False,0
3,3,True,0.0,0.022916666666666665,0.9770833333333334,0.0,0.0,0.9770833333333334,0.9541666666666667,0.06783913898597957,False,1
5,5,True,0.06666666666666667,0.1,0.10625,0.1125,0.6145833333333334,0.6145833333333334,0.5020833333333333,0.741861170040071,False,1
5,5,True,0.0,0.0125,0.0375,0.0,0.95,0.95,0.9125,0.140814379247508,False,0
4,4,True,0.0,0.0,0.0625,0.9,0.0375,0.9,0.8375,0.243090643127413,False,0
1,1,True,1.0,0.0,0.0,0.0,0.0,1.0,1.0,-0.0,False,0
1,1,True,1.0,0.0,0.0,0.0,0.0,1.0,1.0,-0.0,False,1
5,5,True,0.0,0.03125,0.05,0.025,0.89375,0.89375,0.84375,0.28004003918475767,False,1
5,5,True,0.0,0.05,0.06875,0.05,0.83125,0.83125,0.7625000000000001,0.39595913784758446,False,1
5,5,True,0.0,0.03125,0.0875,0.025,0.85625,0.85625,0.7687499999999999,0.3396032447961715,False,1
5,5,True,0.0,0.03125,0.0625,0.025,0.88125,0.88125,0.81875,0.3014812165077806,False,1
5,5,True,0.0,0.00625,0.05833333333333333,0.0,0.9354166666666666,0.9354166666666666,0.8770833333333332,0.16150370620315357,False,1
4,4,True,0.025,0.025,0.05,0.8875,0.0125,0.8875,0.8374999999999999,0.30751491740815295,False,1
5,5,True,0.025,0.15,0.125,0.0,0.7,0.7,0.5499999999999999,0.5507467114480048,False,1
4,4,True,0.025,0.0,0.025,0.9375,0.0125,0.9375,0.9125,0.18622909705929133,False,1
1,1,True,0.975,0.0,0.025,0.0,0.0,0.975,0.95,0.07263830945843827,False,1
3,3,True,0.0,0.0125,0.9875,0.0,0.0,0.9875,0.9750000000000001,0.04175176926276692,False,1
1,1,True,0.925,0.075,0.0,0.0,0.0,0.925,0.8500000000000001,0.16551397305227067,False,2
1,1,True,0.8416666666666668,0.0,0.0375,0.1125,0.008333333333333333,0.8416666666666668,0.7291666666666667,0.3441531635588305,False,1
1,1,True,0.93125,0.0,0.05,0.0,0.01875,0.93125,0.88125,0.18060824718984073,False,2
1,1,True,1.0,0.0,0.0,0.0,0.0,1.0,1.0,-0.0,False,0
1,1,True,0.925,0.0,0.0,0.075,0.0,0.925,0.8500000000000001,0.16551397305227067,False,0
4,4,True,0.0,0.029166666666666664,0.016666666666666666,0.9541666666666666,0.0,0.9541666666666666,0.9249999999999999,0.13427165549433687,False,0
4,4,True,0.0,0.0,0.0,1.0,0.0,1.0,1.0,-0.0,False,0
3,3,True,0.0,0.0,1.0,0.0,0.0,1.0,1.0,-0.0,False,2
1,1,True,0.975,0.0,0.025,0.0,0.0,0.975,0.95,0.07263830945843827,False,0
4,4,True,0.0,0.0,0.0,1.0,0.0,1.0,1.0,-0.0,False,0
3,3,True,0.0,0.0125,0.9625,0.0,0.025,0.9625,0.9375,0.1141921879718597,False,0
3,3,True,0.0,0.0,0.8125,0.175,0.0125,0.8125,0.6375,0.32837672153609476,False,0
3,3,True,0.0,0.0,0.9791666666666667,0.020833333333333332,0.0,0.9791666666666667,0.9583333333333334,0.06291936879605363,False,0
1,1,True,1.0,0.0,0.0,0.0,0.0,1.0,1.0,-0.0,False,0
3,3,True,0.016666666666666666,0.05,0.9333333333333333,0.0,0.0,0.9333333333333333,0.8833333333333333,0.17547681352228187,False,0
1,1,True,0.9875,0.0,0.0125,0.0,0.0,0.9875,0.9750000000000001,0.04175176926276692,False,0
4,4,True,0.0,0.0,0.0,1.0,0.0,1.0,1.0,-0.0,False,0
4,4,True,0.3375,0.00625,0.03125,0.61875,0.00625,0.61875,0.28125,0.519042301060648,False,2
3,3,True,0.0,0.025,0.96875,0.00625,0.0,0.96875,0.94375,0.0961195042040143,False,2
1,1,True,0.9916666666666668,0.0,0.0,0.0,0.008333333333333333,0.9916666666666668,0.9833333333333335,0.029944789051781804,False,1
1,1,True,1.0,0.0,0.0,0.0,0.0,1.0,1.0,-0.0,False,0
1,1,True,0.9083333333333332,0.0,0.016666666666666666,0.075,0.0,0.9083333333333332,0.8333333333333333,0.21736768102593673,False,0
2,2,True,0.0,0.6604166666666667,0.33958333333333335,0.0,0.0,0.6604166666666667,0.3208333333333333,0.39812577635304663,False,1
3,3,True,0.0,0.0,0.95,0.05,0.0,0.95,0.8999999999999999,0.12334445573339317,False,0
4,4,True,0.0625,0.0,0.0,0.9375,0.0,0.9375,0.875,0.145262924962961,False,2
3,3,True,0.0,0.0,1.0,0.0,0.0,1.0,1.0,-0.0,False,0
3,3,True,0.0,0.0,0.8625,0.1125,0.025,0.8625,0.75,0.28928940122347596,False,2
1,1,True,0.9666666666666668,0.0,0.025,0.008333333333333333,0.0,0.9666666666666668,0.9416666666666668,0.10245145187353859,False,1
4,4,True,0.0,0.0,0.0125,0.975,0.0125,0.975,0.9625,0.0834052234102731,False,0
5,5,True,0.0,0.1125,0.0625,0.075,0.75,0.75,0.6375,0.5151541491176935,False,0
2,2,True,0.0,0.8625,0.0625,0.0,0.075,0.8625,0.7875000000000001,0.3076465024927041,False,2
2,2,True,0.0125,0.6708333333333333,0.31666666666666665,0.0,0.0,0.6708333333333333,0.35416666666666663,0.4266905515027191,False,0
1,1,True,0.925,0.0,0.025,0.0,0.05,0.925,0.875,0.1951756097350499,False,1
2,2,True,0.0,0.9666666666666668,0.03333333333333333,0.0,0.0,0.9666666666666668,0.9333333333333335,0.09080483619746202,False,1
1,1,True,1.0,0.0,0.0,0.0,0.0,1.0,1.0,-0.0,False,2
2,2,True,0.0,0.95,0.05,0.0,0.0,0.95,0.8999999999999999,0.12334445573339317,False,2
3,3,True,0.0,0.0,0.9466666666666667,0.03333333333333333,0.02,0.9466666666666667,0.9133333333333333,0.1512943337741422,False,1
3,3,True,0.0,0.0,0.9916666666666668,0.008333333333333333,0.0,0.9916666666666668,0.9833333333333335,0.029944789051781804,False,0
2,2,True,0.0,0.975,0.025,0.0,0.0,0.975,0.95,0.07263830945843827,False,1
3,3,True,0.0,0.0375,0.9125,0.025,0.025,0.9125,0.875,0.24302091540852672,False,0
3,3,True,0.0,0.2416666666666667,0.6216666666666666,0.016666666666666666,0.12,0.6216666666666666,0.3799999999999999,0.5973481321190595,False,1
2,2,True,0.0,0.9666666666666668,0.025,0.008333333333333333,0.0,0.9666666666666668,0.9416666666666668,0.10245145187353859,False,1
2,2,True,0.0,0.61875,0.24458333333333332,0.016666666666666666,0.12,0.61875,0.3741666666666667,0.599045255065041,False,1
2,2,True,0.0,0.8625,0.029166666666666664,0.041666666666666664,0.06666666666666667,0.8625,0.7958333333333334,0.33777814824612107,False,1
3,3,True,0.0,0.0125,0.9875,0.0,0.0,0.9875,0.9750000000000001,0.04175176926276692,False,1
3,3,True,0.0,0.0625,0.9208333333333332,0.016666666666666666,0.0,0.9208333333333332,0.8583333333333332,0.19725689508583238,False,1
2,2,True,0.0,0.9875,0.0125,0.0,0.0,0.9875,0.9750000000000001,0.04175176926276692,False,0
2,2,True,0.0125,0.9395833333333332,0.04791666666666666,0.0,0.0,0.9395833333333332,0.8916666666666666,0.1608722044812177,False,0
2,2,True,0.0,0.9875,0.0,0.0125,0.0,0.9875,0.9750000000000001,0.04175176926276692,False,2
2,2,True,0.0,0.9416666666666668,0.03333333333333333,0.0,0.025,0.9416666666666668,0.9083333333333334,0.16290972905194012,False,1
